cue_id,source_family,acquisition_role_hint,source_category,commons_pageid,commons_title,source_page_url,media_url,thumbnail_url,media_type,width,height,creator,license_short,license_url,usage_terms,attribution,credit,description,date_time_original,retrieved_at,acquisition_only_not_ground_truth
commons-0001,shinto,threshold,Category:Torii in Japan,1133504,File:Hogonji13s3200.jpg,https://commons.wikimedia.org/wiki/File:Hogonji13s3200.jpg,https://upload.wikimedia.org/wikipedia/commons/d/dc/Hogonji13s3200.jpg?utm_source=commons.wikimedia.org&utm_campaign=imageinfo&utm_content=original,https://thumb.wikimedia.org/wikipedia/commons/thumb/d/dc/Hogonji13s3200.jpg/960px-Hogonji13s3200.jpg?utm_source=commons.wikimedia.org&utm_campaign=imageinfo&utm_content=thumbnail,image/jpeg,2142,3200,663highland,CC BY 2.5,https://creativecommons.org/licenses/by/2.5,Creative Commons Attribution 2.5,,Own work,"Hogonji in Nagahama , Shiga prefecture , Japan",2006-09-02,2026-09-23T09:57:56.351731+00:00,True
commons-0002,shinto,threshold,Category:Torii in Japan,3905419,File:Hokusai18 nobuto-beach.jpg,https://commons.wikimedia.org/wiki/File:Hokusai18_nobuto-beach.jpg,https://upload.wikimedia.org/wikipedia/commons/5/53/Hokusai18_nobuto-beach.jpg?utm_source=commons.wikimedia.org&utm_campaign=imageinfo&utm_content=original,https://thumb.wikimedia.org/wikipedia/commons/thumb/5/53/Hokusai18_nobuto-beach.jpg/960px-Hokusai18_nobuto-beach.jpg?utm_source=commons.wikimedia.org&utm_campaign=imageinfo&utm_content=thumbnail,image/jpeg,3100,2110,Katsushika Hokusai,Public domain,,Public domain,,Unknown source Unknown source,"Part of the series Thirty-six Views of Mount Fuji , no. 18 .","1823 date QS:P571,+1823-00-00T00:00:00Z/9",2026-09-23T09:57:56.351731+00:00,True
commons-0003,shinto,threshold,Category:Torii in Japan,5607683,File:Kamotsuba-jinja Inari-jinja1.jpg,https://commons.wikimedia.org/wiki/File:Kamotsuba-jinja_Inari-jinja1.jpg,https://upload.wikimedia.org/wikipedia/commons/a/a4/Kamotsuba-jinja_Inari-jinja1.jpg?utm_source=commons.wikimedia.org&utm_campaign=imageinfo&utm_content=original,https://thumb.wikimedia.org/wikipedia/commons/thumb/a/a4/Kamotsuba-jinja_Inari-jinja1.jpg/960px-Kamotsuba-jinja_Inari-jinja1.jpg?utm_source=commons.wikimedia.org&utm_campaign=imageinfo&utm_content=thumbnail,image/jpeg,3264,2448,KENPEI,CC BY-SA 3.0,http://creativecommons.org/licenses/by-sa/3.0/,Creative Commons Attribution-Share Alike 3.0,"I, KENPEI",KENPEI's photo,鴨都波神社 稲荷神社,2008-12-27,2026-09-23T09:57:56.351731+00:00,True
commons-0004,shinto,threshold,Category:Torii in Japan,6793572,File:KamojinjaSendai-haiden.jpg,https://commons.wikimedia.org/wiki/File:KamojinjaSendai-haiden.jpg,https://upload.wikimedia.org/wikipedia/commons/3/38/KamojinjaSendai-haiden.jpg?utm_source=commons.wikimedia.org&utm_campaign=imageinfo&utm_content=original,https://thumb.wikimedia.org/wikipedia/commons/thumb/3/38/KamojinjaSendai-haiden.jpg/960px-KamojinjaSendai-haiden.jpg?utm_source=commons.wikimedia.org&utm_campaign=imageinfo&utm_content=thumbnail,image/jpeg,3200,1800,Wkatsuhiro,Public domain,,Public domain,,Own work,宮城県仙台市泉区の 賀茂神社 の拝殿。参道より北北西に向いて撮影。,2009-05-13,2026-09-23T09:57:56.351731+00:00,True
commons-0005,shinto,threshold,Category:Torii in Japan,38311719,File:Kakegawa (5758993373).jpg,https://commons.wikimedia.org/wiki/File:Kakegawa_(5758993373).jpg,https://upload.wikimedia.org/wikipedia/commons/0/0b/Kakegawa_%285758993373%29.jpg?utm_source=commons.wikimedia.org&utm_campaign=imageinfo&utm_content=original,https://thumb.wikimedia.org/wikipedia/commons/thumb/0/0b/Kakegawa_%285758993373%29.jpg/960px-Kakegawa_%285758993373%29.jpg?utm_source=commons.wikimedia.org&utm_campaign=imageinfo&utm_content=thumbnail,image/jpeg,1723,1229,Utagawa Hiroshige,Public domain,,Public domain,,Flickr The Sandiego Museum of Art collection,"Accession Number: 1965.92.27 Display Artist: Utagawa Hiroshige Display Title: Kakegawa Series Title: ""Fifty-three Stations of the Tokaido Road, known as """"Kyoka Tokaido"""""" Suite Name: Tokaido gojusantsugi Creation Date: 1838-1840 Height: 5 11/16 in. Width: 8 in. Display Dimensions: 5 11/16 in. x 8 in. (14.45 cm x 20.32 cm) Publisher: Sanoya Kihei Credit Line: Gift of Mrs. Harold Rhody Witherbee Collection: <a href="" http://www.sdmart.org/art/our-collection/asian-art "" rel=""nofollow"">The San Diego Museum of Art</a>","between circa 1840 and circa 1842 date QS:P,+1840-00-00T00:00:00Z/8,P1319,+1840-00-00T00:00:00Z/9,P1326,+1842-00-00T00:00:00Z/9,P1480,Q5727902",2026-09-23T09:57:56.351731+00:00,True
commons-0006,shinto,threshold,Category:Torii in Japan,43961366,File:Japan and the Japanese illustrated (1874) (14779505494).jpg,https://commons.wikimedia.org/wiki/File:Japan_and_the_Japanese_illustrated_(1874)_(14779505494).jpg,https://upload.wikimedia.org/wikipedia/commons/4/4b/Japan_and_the_Japanese_illustrated_%281874%29_%2814779505494%29.jpg?utm_source=commons.wikimedia.org&utm_campaign=imageinfo&utm_content=original,https://thumb.wikimedia.org/wikipedia/commons/thumb/4/4b/Japan_and_the_Japanese_illustrated_%281874%29_%2814779505494%29.jpg/960px-Japan_and_the_Japanese_illustrated_%281874%29_%2814779505494%29.jpg?utm_source=commons.wikimedia.org&utm_campaign=imageinfo&utm_content=thumbnail,image/jpeg,1852,1432,Internet Archive Book Images,No restrictions,https://www.flickr.com/commons/usage/,No known copyright restrictions,,https://www.flickr.com/photos/internetarchivebookimages/14779505494/ Source book page: https://archive.org/stream/japanjapaneseill00humb/japanjapaneseill00humb#page/n204/mode/1up,"Identifier : japanjapaneseill00humb ( find matches ) Title : Japan and the Japanese illustrated Year : 1874 ( 1870s ) Authors : Humbert, Aimé, 1819-1900 Bates, Henry Walter, 1825-1892 Hoey, Frances Cashel, 1830-1908 Subjects : Publisher : London : R. Bentley & son Contributing Library : University of California Libraries Digitizing Sponsor : Internet Archive View Book Page : Book Viewer About This Book : Catalog Entry View All Images : All Images From Book Click here to view book online to see this illustration in context in a browseable online version of this book. Text Appearing Before Image: fA. 181 bortlered with fine trees, whose interlacing brancliea form arcades like that of a Gothic^(^athedral. Through their foliage we distinguished a wide stone staircase, the suniuiitlost amid verdure. We ascended the staircase, wliith consists of one hundred steps very regularlylaid, to the top of the hill. On the right is another road, which crosses the Text Appearing After Image: ^■L^tiCbn^.: OUE.Vr TOKI UF ArA(ii>SA-YAMA. wooded slopes, and is composed of a series of staircases, with flat terraces providedwith irjwsoirs. A dilapidated oratory with two insignificant idols—one standing upon a lotus, theother seated upon a tortoise—with long covered galleries surrounding the tea-houses,occupies the summit of Atagosa-yama. The young waitresses of the house hasten to 182 LIFE IN JAPAN. serve lis with refreshments, and we take a few minvites rest before we approach thepavilions at the two extremities of the terrace. At length the moment has come when wc shall get a complete view of the greatcity. We begin at the southern pavilion, and we are at first dazzled by the extentand brilliancy of the picture. The sun is going down to the horizon in a cloudless Note About Images Please note that these images are extracted from scanned page images that may have been digitally enhanced for readability - coloration and appearance of these illustrations may not perfectly resemble the original work.",1874,2026-09-23T09:57:56.351731+00:00,True
commons-0007,shinto,threshold,Category:Torii in Japan,50048617,"File:The big torii at Itsukushima, Aki (NYPL Hades-2360075-4043874).tiff","https://commons.wikimedia.org/wiki/File:The_big_torii_at_Itsukushima,_Aki_(NYPL_Hades-2360075-4043874).tiff",https://upload.wikimedia.org/wikipedia/commons/7/76/The_big_torii_at_Itsukushima%2C_Aki_%28NYPL_Hades-2360075-4043874%29.tiff?utm_source=commons.wikimedia.org&utm_campaign=imageinfo&utm_content=original,https://thumb.wikimedia.org/wikipedia/commons/thumb/7/76/The_big_torii_at_Itsukushima%2C_Aki_%28NYPL_Hades-2360075-4043874%29.tiff/lossy-page1-960px-The_big_torii_at_Itsukushima%2C_Aki_%28NYPL_Hades-2360075-4043874%29.tiff.jpg?utm_source=commons.wikimedia.org&utm_campaign=imageinfo&utm_content=thumbnail,image/tiff,6732,5077,Scan by NYPL,Public domain,,Public domain,,https://digitalcollections.nypl.org/items/c260bdb3-9b58-4552-e040-e00a18066d81,"The big torii at Itsukushima, Aki.",1907,2026-09-23T09:57:56.351731+00:00,True
commons-0008,shinto,threshold,Category:Torii in Japan,50048737,File:Fuji from Omiya (NYPL Hades-2360088-4043887).tiff,https://commons.wikimedia.org/wiki/File:Fuji_from_Omiya_(NYPL_Hades-2360088-4043887).tiff,https://upload.wikimedia.org/wikipedia/commons/a/a4/Fuji_from_Omiya_%28NYPL_Hades-2360088-4043887%29.tiff?utm_source=commons.wikimedia.org&utm_campaign=imageinfo&utm_content=original,https://thumb.wikimedia.org/wikipedia/commons/thumb/a/a4/Fuji_from_Omiya_%28NYPL_Hades-2360088-4043887%29.tiff/lossy-page1-960px-Fuji_from_Omiya_%28NYPL_Hades-2360088-4043887%29.tiff.jpg?utm_source=commons.wikimedia.org&utm_campaign=imageinfo&utm_content=thumbnail,image/tiff,6732,5077,Scan by NYPL,Public domain,,Public domain,,https://digitalcollections.nypl.org/items/c260bdb3-9b65-4552-e040-e00a18066d81,Fuji from Omiya.,1907,2026-09-23T09:57:56.351731+00:00,True
commons-0009,shinto,threshold,Category:Torii in Japan,53622408,File:- panoramio (3367).jpg,https://commons.wikimedia.org/wiki/File:-_panoramio_(3367).jpg,https://upload.wikimedia.org/wikipedia/commons/7/76/-_panoramio_%283367%29.jpg?utm_source=commons.wikimedia.org&utm_campaign=imageinfo&utm_content=original,https://thumb.wikimedia.org/wikipedia/commons/thumb/7/76/-_panoramio_%283367%29.jpg/960px--_panoramio_%283367%29.jpg?utm_source=commons.wikimedia.org&utm_campaign=imageinfo&utm_content=thumbnail,image/jpeg,4000,3000,Sato S,CC BY-SA 3.0,https://creativecommons.org/licenses/by-sa/3.0,Creative Commons Attribution-Share Alike 3.0,Sato S,https://web.archive.org/web/20161019201026/http://www.panoramio.com/photo/54725268,,Taken on 5 June 2011,2026-09-23T09:57:56.351731+00:00,True
commons-0010,shinto,threshold,Category:Torii in Japan,58433796,File:Kakegawa Gyosho Tokaido.jpg,https://commons.wikimedia.org/wiki/File:Kakegawa_Gyosho_Tokaido.jpg,https://upload.wikimedia.org/wikipedia/commons/c/c0/Kakegawa_Gyosho_Tokaido.jpg?utm_source=commons.wikimedia.org&utm_campaign=imageinfo&utm_content=original,https://thumb.wikimedia.org/wikipedia/commons/thumb/c/c0/Kakegawa_Gyosho_Tokaido.jpg/960px-Kakegawa_Gyosho_Tokaido.jpg?utm_source=commons.wikimedia.org&utm_campaign=imageinfo&utm_content=thumbnail,image/jpeg,1600,1074,Utagawa Hiroshige,Public domain,,Public domain,,Museum of Fine Arts Boston,"Kakegawa: Junction with the Akiba Road (Kakegawa, Akibamichi oiwake no zu), from the series The Fifty-three Stations of the Tôkaidô Road (Tôkaidô gojûsan tsugi no uchi), also known as the Gyôsho Tôkaidô","between 1841 and 1844 date QS:P,+1841-00-00T00:00:00Z/8,P1319,+1841-00-00T00:00:00Z/9,P1326,+1844-00-00T00:00:00Z/9",2026-09-23T09:57:56.351731+00:00,True
commons-0011,shinto,threshold,Category:Torii in Japan,66354203,File:Kamotsuba Jinja Torii.jpg,https://commons.wikimedia.org/wiki/File:Kamotsuba_Jinja_Torii.jpg,https://upload.wikimedia.org/wikipedia/commons/c/c2/Kamotsuba_Jinja_Torii.jpg?utm_source=commons.wikimedia.org&utm_campaign=imageinfo&utm_content=original,https://thumb.wikimedia.org/wikipedia/commons/thumb/c/c2/Kamotsuba_Jinja_Torii.jpg/960px-Kamotsuba_Jinja_Torii.jpg?utm_source=commons.wikimedia.org&utm_campaign=imageinfo&utm_content=thumbnail,image/jpeg,1024,576,Zeter114514,CC BY-SA 4.0,https://creativecommons.org/licenses/by-sa/4.0,Creative Commons Attribution-Share Alike 4.0,,Own work,鴨都波神社鳥居,2018-02-11,2026-09-23T09:57:56.351731+00:00,True
commons-0012,shinto,threshold,Category:Torii in Japan,71342322,File:Anybody Here Read Kanji (245865581).jpeg,https://commons.wikimedia.org/wiki/File:Anybody_Here_Read_Kanji_(245865581).jpeg,https://upload.wikimedia.org/wikipedia/commons/1/1e/Anybody_Here_Read_Kanji_%28245865581%29.jpeg?utm_source=commons.wikimedia.org&utm_campaign=imageinfo&utm_content=original,https://thumb.wikimedia.org/wikipedia/commons/thumb/1/1e/Anybody_Here_Read_Kanji_%28245865581%29.jpeg/960px-Anybody_Here_Read_Kanji_%28245865581%29.jpeg?utm_source=commons.wikimedia.org&utm_campaign=imageinfo&utm_content=thumbnail,image/jpeg,1536,2048,Andrew Currie,CC BY-SA 3.0,https://creativecommons.org/licenses/by-sa/3.0,Creative Commons Attribution-Share Alike 3.0,,Imported from 500px ( archived version ) by the Archive Team . ( detail page ),"500px provided description: Feel free to translate... [#travel ,#temple ,#japan ,#shrine ,#torii ,#kanji]","3 January 2018, 22:41:58 (UTC)",2026-09-23T09:57:56.351731+00:00,True
commons-0013,shinto,threshold,Category:Torii in Japan,71587451,File:500px photo (189848317).jpeg,https://commons.wikimedia.org/wiki/File:500px_photo_(189848317).jpeg,https://upload.wikimedia.org/wikipedia/commons/0/0e/500px_photo_%28189848317%29.jpeg?utm_source=commons.wikimedia.org&utm_campaign=imageinfo&utm_content=original,https://thumb.wikimedia.org/wikipedia/commons/thumb/0/0e/500px_photo_%28189848317%29.jpeg/960px-500px_photo_%28189848317%29.jpeg?utm_source=commons.wikimedia.org&utm_campaign=imageinfo&utm_content=thumbnail,image/jpeg,2048,1549,Chi King,CC BY 3.0,https://creativecommons.org/licenses/by/3.0,Creative Commons Attribution 3.0,,Imported from 500px ( archived version ) by the Archive Team . ( detail page ),"500px provided description: Untitled [#culture ,#Japan ,#Kansai ,#Kyoto/Fukui/Tango]","14 December 2016, 19:11:44 (UTC)",2026-09-23T09:57:56.351731+00:00,True
commons-0014,shinto,threshold,Category:Torii in Japan,71587452,File:500px photo (189848319).jpeg,https://commons.wikimedia.org/wiki/File:500px_photo_(189848319).jpeg,https://upload.wikimedia.org/wikipedia/commons/0/08/500px_photo_%28189848319%29.jpeg?utm_source=commons.wikimedia.org&utm_campaign=imageinfo&utm_content=original,https://thumb.wikimedia.org/wikipedia/commons/thumb/0/08/500px_photo_%28189848319%29.jpeg/960px-500px_photo_%28189848319%29.jpeg?utm_source=commons.wikimedia.org&utm_campaign=imageinfo&utm_content=thumbnail,image/jpeg,2048,1488,Chi King,CC BY 3.0,https://creativecommons.org/licenses/by/3.0,Creative Commons Attribution 3.0,,Imported from 500px ( archived version ) by the Archive Team . ( detail page ),"500px provided description: Untitled [#culture ,#Japan ,#Kansai ,#Kyoto/Fukui/Tango]","14 December 2016, 19:19:55 (UTC)",2026-09-23T09:57:56.351731+00:00,True
commons-0015,shinto,threshold,Category:Torii in Japan,97597947,File:DSC 0011-2 (36629582722).jpg,https://commons.wikimedia.org/wiki/File:DSC_0011-2_(36629582722).jpg,https://upload.wikimedia.org/wikipedia/commons/c/cb/DSC_0011-2_%2836629582722%29.jpg?utm_source=commons.wikimedia.org&utm_campaign=imageinfo&utm_content=original,https://thumb.wikimedia.org/wikipedia/commons/thumb/c/cb/DSC_0011-2_%2836629582722%29.jpg/960px-DSC_0011-2_%2836629582722%29.jpg?utm_source=commons.wikimedia.org&utm_campaign=imageinfo&utm_content=thumbnail,image/jpeg,2941,1956,Ashwin Kumar,CC BY-SA 2.0,https://creativecommons.org/licenses/by-sa/2.0,Creative Commons Attribution-Share Alike 2.0,,DSC_0011-2,DSC_0011-2,2013-08-19 04:16,2026-09-23T09:57:56.351731+00:00,True
commons-0016,shinto,threshold,Category:Torii in Japan,112488358,File:Joyo banner.jpg,https://commons.wikimedia.org/wiki/File:Joyo_banner.jpg,https://upload.wikimedia.org/wikipedia/commons/1/13/Joyo_banner.jpg?utm_source=commons.wikimedia.org&utm_campaign=imageinfo&utm_content=original,https://thumb.wikimedia.org/wikipedia/commons/thumb/1/13/Joyo_banner.jpg/960px-Joyo_banner.jpg?utm_source=commons.wikimedia.org&utm_campaign=imageinfo&utm_content=thumbnail,image/jpeg,3072,438,"Akeiro Torii , cropped by Tmv",CC BY-SA 3.0,https://creativecommons.org/licenses/by-sa/3.0,Creative Commons Attribution-Share Alike 3.0,Akeiro Torii,https://web.archive.org/web/20161025012234/http://www.panoramio.com/photo/76189161,水主神社,29 July 2012 (original upload date),2026-09-23T09:57:56.351731+00:00,True
commons-0017,shinto,threshold,Category:Torii in Japan,180692309,File:251207 Kohama-Kotai-jinja Takarazuka Hyogo pref Japan01s3.jpg,https://commons.wikimedia.org/wiki/File:251207_Kohama-Kotai-jinja_Takarazuka_Hyogo_pref_Japan01s3.jpg,https://upload.wikimedia.org/wikipedia/commons/6/6e/251207_Kohama-Kotai-jinja_Takarazuka_Hyogo_pref_Japan01s3.jpg?utm_source=commons.wikimedia.org&utm_campaign=imageinfo&utm_content=original,https://thumb.wikimedia.org/wikipedia/commons/thumb/6/6e/251207_Kohama-Kotai-jinja_Takarazuka_Hyogo_pref_Japan01s3.jpg/960px-251207_Kohama-Kotai-jinja_Takarazuka_Hyogo_pref_Japan01s3.jpg?utm_source=commons.wikimedia.org&utm_campaign=imageinfo&utm_content=thumbnail,image/jpeg,5472,3648,663highland,CC BY-SA 4.0,https://creativecommons.org/licenses/by-sa/4.0,Creative Commons Attribution-Share Alike 4.0,,Own work,"Kotai-jinja (Kohama) in Takarazuka , Hyogo prefecture , Japan",2025-12-07,2026-09-23T09:57:56.351731+00:00,True
commons-0018,shinto,threshold,Category:Torii in Japan,180692340,File:251207 Kohama-Kotai-jinja Takarazuka Hyogo pref Japan03s3.jpg,https://commons.wikimedia.org/wiki/File:251207_Kohama-Kotai-jinja_Takarazuka_Hyogo_pref_Japan03s3.jpg,https://upload.wikimedia.org/wikipedia/commons/b/bf/251207_Kohama-Kotai-jinja_Takarazuka_Hyogo_pref_Japan03s3.jpg?utm_source=commons.wikimedia.org&utm_campaign=imageinfo&utm_content=original,https://thumb.wikimedia.org/wikipedia/commons/thumb/b/bf/251207_Kohama-Kotai-jinja_Takarazuka_Hyogo_pref_Japan03s3.jpg/960px-251207_Kohama-Kotai-jinja_Takarazuka_Hyogo_pref_Japan03s3.jpg?utm_source=commons.wikimedia.org&utm_campaign=imageinfo&utm_content=thumbnail,image/jpeg,3648,5472,663highland,CC BY-SA 4.0,https://creativecommons.org/licenses/by-sa/4.0,Creative Commons Attribution-Share Alike 4.0,,Own work,"Kotai-jinja (Kohama) in Takarazuka , Hyogo prefecture , Japan",2025-12-07,2026-09-23T09:57:56.351731+00:00,True
commons-0019,shinto,boundary_marker,Category:Shimenawa,9105650,File:Big-Okazari.jpg,https://commons.wikimedia.org/wiki/File:Big-Okazari.jpg,https://upload.wikimedia.org/wikipedia/commons/a/af/Big-Okazari.jpg?utm_source=commons.wikimedia.org&utm_campaign=imageinfo&utm_content=original,https://upload.wikimedia.org/wikipedia/commons/a/af/Big-Okazari.jpg?utm_source=commons.wikimedia.org&utm_campaign=imageinfo&utm_content=thumbnail_unscaled,image/jpeg,640,480,自身編集,CC BY 3.0,https://creativecommons.org/licenses/by/3.0,Creative Commons Attribution 3.0,,自身撮影,Japanese New Year wreath.,2010-01,2026-09-23T09:57:56.351731+00:00,True
commons-0020,shinto,boundary_marker,Category:Shimenawa,18865098,File:Asinaga jinja haiden.JPG,https://commons.wikimedia.org/wiki/File:Asinaga_jinja_haiden.JPG,https://upload.wikimedia.org/wikipedia/commons/3/34/Asinaga_jinja_haiden.JPG?utm_source=commons.wikimedia.org&utm_campaign=imageinfo&utm_content=original,https://thumb.wikimedia.org/wikipedia/commons/thumb/3/34/Asinaga_jinja_haiden.JPG/960px-Asinaga_jinja_haiden.JPG?utm_source=commons.wikimedia.org&utm_campaign=imageinfo&utm_content=thumbnail,image/jpeg,2048,1536,Jerry fish tkc,CC BY-SA 3.0,https://creativecommons.org/licenses/by-sa/3.0,Creative Commons Attribution-Share Alike 3.0,,Own work,長野県諏訪市、足長神社拝殿,2011-05-07,2026-09-23T09:57:56.351731+00:00,True
commons-0021,shinto,boundary_marker,Category:Shimenawa,32645009,File:Aoi Torblick.jpg,https://commons.wikimedia.org/wiki/File:Aoi_Torblick.jpg,https://upload.wikimedia.org/wikipedia/commons/8/8b/Aoi_Torblick.jpg?utm_source=commons.wikimedia.org&utm_campaign=imageinfo&utm_content=original,https://thumb.wikimedia.org/wikipedia/commons/thumb/8/8b/Aoi_Torblick.jpg/960px-Aoi_Torblick.jpg?utm_source=commons.wikimedia.org&utm_campaign=imageinfo&utm_content=thumbnail,image/jpeg,1231,923,Fraxinus2,CC BY-SA 3.0,https://creativecommons.org/licenses/by-sa/3.0,Creative Commons Attribution-Share Alike 3.0,,Own work,Aoi Aso Jinja view through gate,2014-04-11 10:24:04,2026-09-23T09:57:56.351731+00:00,True
commons-0022,shinto,boundary_marker,Category:Shimenawa,32645570,File:Aoi Kampfer.jpg,https://commons.wikimedia.org/wiki/File:Aoi_Kampfer.jpg,https://upload.wikimedia.org/wikipedia/commons/c/c6/Aoi_Kampfer.jpg?utm_source=commons.wikimedia.org&utm_campaign=imageinfo&utm_content=original,https://upload.wikimedia.org/wikipedia/commons/c/c6/Aoi_Kampfer.jpg?utm_source=commons.wikimedia.org&utm_campaign=imageinfo&utm_content=thumbnail_unscaled,image/jpeg,900,900,Fraxinus2,CC BY-SA 3.0,https://creativecommons.org/licenses/by-sa/3.0,Creative Commons Attribution-Share Alike 3.0,,Own work,"Aoi Aso Jinja, old Camphor tree",2014-04-11 10:26:48,2026-09-23T09:57:56.351731+00:00,True
commons-0023,shinto,boundary_marker,Category:Shimenawa,44367045,File:Cinnamomum camphora (Owase-jinja s2).JPG,https://commons.wikimedia.org/wiki/File:Cinnamomum_camphora_(Owase-jinja_s2).JPG,https://upload.wikimedia.org/wikipedia/commons/8/83/Cinnamomum_camphora_%28Owase-jinja_s2%29.JPG?utm_source=commons.wikimedia.org&utm_campaign=imageinfo&utm_content=original,https://thumb.wikimedia.org/wikipedia/commons/thumb/8/83/Cinnamomum_camphora_%28Owase-jinja_s2%29.JPG/960px-Cinnamomum_camphora_%28Owase-jinja_s2%29.JPG?utm_source=commons.wikimedia.org&utm_campaign=imageinfo&utm_content=thumbnail,image/jpeg,3456,5184,Alpsdake,CC BY-SA 4.0,https://creativecommons.org/licenses/by-sa/4.0,Creative Commons Attribution-Share Alike 4.0,,Own work,"Cinnamomum camphora , in Owase-jinja, Owase , Mie prefecture , Japan .",2015-03-24 14:18:44,2026-09-23T09:57:56.351731+00:00,True
commons-0024,shinto,boundary_marker,Category:Shimenawa,44367046,File:Cinnamomum camphora (Owase-jinja s3).JPG,https://commons.wikimedia.org/wiki/File:Cinnamomum_camphora_(Owase-jinja_s3).JPG,https://upload.wikimedia.org/wikipedia/commons/6/61/Cinnamomum_camphora_%28Owase-jinja_s3%29.JPG?utm_source=commons.wikimedia.org&utm_campaign=imageinfo&utm_content=original,https://thumb.wikimedia.org/wikipedia/commons/thumb/6/61/Cinnamomum_camphora_%28Owase-jinja_s3%29.JPG/960px-Cinnamomum_camphora_%28Owase-jinja_s3%29.JPG?utm_source=commons.wikimedia.org&utm_campaign=imageinfo&utm_content=thumbnail,image/jpeg,5184,3456,Alpsdake,CC BY-SA 4.0,https://creativecommons.org/licenses/by-sa/4.0,Creative Commons Attribution-Share Alike 4.0,,Own work,"Cinnamomum camphora , in Owase-jinja, Owase , Mie prefecture , Japan .",2015-03-24 14:23:10,2026-09-23T09:57:56.351731+00:00,True
commons-0025,shinto,boundary_marker,Category:Shimenawa,44367050,File:Cinnamomum camphora (Owase-jinja).JPG,https://commons.wikimedia.org/wiki/File:Cinnamomum_camphora_(Owase-jinja).JPG,https://upload.wikimedia.org/wikipedia/commons/8/85/Cinnamomum_camphora_%28Owase-jinja%29.JPG?utm_source=commons.wikimedia.org&utm_campaign=imageinfo&utm_content=original,https://thumb.wikimedia.org/wikipedia/commons/thumb/8/85/Cinnamomum_camphora_%28Owase-jinja%29.JPG/960px-Cinnamomum_camphora_%28Owase-jinja%29.JPG?utm_source=commons.wikimedia.org&utm_campaign=imageinfo&utm_content=thumbnail,image/jpeg,5184,3456,Alpsdake,CC BY-SA 4.0,https://creativecommons.org/licenses/by-sa/4.0,Creative Commons Attribution-Share Alike 4.0,,Own work,"Cinnamomum camphora , in Owase-jinja, Owase , Mie prefecture , Japan .",2015-09-19 14:41:20,2026-09-23T09:57:56.351731+00:00,True
commons-0026,shinto,boundary_marker,Category:Shimenawa,46319163,File:Bar Kagiya Interior 07.jpg,https://commons.wikimedia.org/wiki/File:Bar_Kagiya_Interior_07.jpg,https://upload.wikimedia.org/wikipedia/commons/e/ef/Bar_Kagiya_Interior_07.jpg?utm_source=commons.wikimedia.org&utm_campaign=imageinfo&utm_content=original,https://thumb.wikimedia.org/wikipedia/commons/thumb/e/ef/Bar_Kagiya_Interior_07.jpg/960px-Bar_Kagiya_Interior_07.jpg?utm_source=commons.wikimedia.org&utm_campaign=imageinfo&utm_content=thumbnail,image/jpeg,6000,4000,Kentaro Ohno,CC BY 2.0,https://creativecommons.org/licenses/by/2.0,Creative Commons Attribution 2.0,,Flickr,江戸東京たてもの園に移築保存されている鍵屋の店内。,2013-03-24,2026-09-23T09:57:56.351731+00:00,True
commons-0027,shinto,boundary_marker,Category:Shimenawa,46659901,"File:Amanawa Shinmei-Jinja Hase Kamakura, Worship hall (2016-01-22).jpg","https://commons.wikimedia.org/wiki/File:Amanawa_Shinmei-Jinja_Hase_Kamakura,_Worship_hall_(2016-01-22).jpg",https://upload.wikimedia.org/wikipedia/commons/5/51/Amanawa_Shinmei-Jinja_Hase_Kamakura%2C_Worship_hall_%282016-01-22%29.jpg?utm_source=commons.wikimedia.org&utm_campaign=imageinfo&utm_content=original,https://thumb.wikimedia.org/wikipedia/commons/thumb/5/51/Amanawa_Shinmei-Jinja_Hase_Kamakura%2C_Worship_hall_%282016-01-22%29.jpg/960px-Amanawa_Shinmei-Jinja_Hase_Kamakura%2C_Worship_hall_%282016-01-22%29.jpg?utm_source=commons.wikimedia.org&utm_campaign=imageinfo&utm_content=thumbnail,image/jpeg,2900,2249,Twkz0731,CC BY-SA 4.0,https://creativecommons.org/licenses/by-sa/4.0,Creative Commons Attribution-Share Alike 4.0,,Own work,神奈川県鎌倉市長谷に所在する 甘縄神明神社 の拝殿,"22 January 2016, 14:15",2026-09-23T09:57:56.351731+00:00,True
commons-0028,shinto,boundary_marker,Category:Shimenawa,50529163,"File:Benzaiten at Hogonji, Chikubushima-弁才天.jpg","https://commons.wikimedia.org/wiki/File:Benzaiten_at_Hogonji,_Chikubushima-%E5%BC%81%E6%89%8D%E5%A4%A9.jpg",https://upload.wikimedia.org/wikipedia/commons/7/7e/Benzaiten_at_Hogonji%2C_Chikubushima-%E5%BC%81%E6%89%8D%E5%A4%A9.jpg?utm_source=commons.wikimedia.org&utm_campaign=imageinfo&utm_content=original,https://thumb.wikimedia.org/wikipedia/commons/thumb/7/7e/Benzaiten_at_Hogonji%2C_Chikubushima-%E5%BC%81%E6%89%8D%E5%A4%A9.jpg/960px-Benzaiten_at_Hogonji%2C_Chikubushima-%E5%BC%81%E6%89%8D%E5%A4%A9.jpg?utm_source=commons.wikimedia.org&utm_campaign=imageinfo&utm_content=thumbnail,image/jpeg,2448,3264,HAL-Guandu,CC BY-SA 4.0,https://creativecommons.org/licenses/by-sa/4.0,Creative Commons Attribution-Share Alike 4.0,,Own work,Statue of the goddess Benzaiten 弁才天 at Hogonji 宝厳寺 Chikubushima 竹生島,Taken on 21 July 2016 14:08:31,2026-09-23T09:57:56.351731+00:00,True
commons-0029,shinto,boundary_marker,Category:Shimenawa,71772595,File:Building of the Shiogama-jinja.jpg,https://commons.wikimedia.org/wiki/File:Building_of_the_Shiogama-jinja.jpg,https://upload.wikimedia.org/wikipedia/commons/a/a7/Building_of_the_Shiogama-jinja.jpg?utm_source=commons.wikimedia.org&utm_campaign=imageinfo&utm_content=original,https://thumb.wikimedia.org/wikipedia/commons/thumb/a/a7/Building_of_the_Shiogama-jinja.jpg/960px-Building_of_the_Shiogama-jinja.jpg?utm_source=commons.wikimedia.org&utm_campaign=imageinfo&utm_content=thumbnail,image/jpeg,2816,2112,Dquai,CC BY-SA 4.0,https://creativecommons.org/licenses/by-sa/4.0,Creative Commons Attribution-Share Alike 4.0,,Own work,​鹽竈神社內建築物。,2007-02-12 13:10:50,2026-09-23T09:57:56.351731+00:00,True
commons-0030,shinto,boundary_marker,Category:Shimenawa,79736384,File:Awaizinzya 11.jpg,https://commons.wikimedia.org/wiki/File:Awaizinzya_11.jpg,https://upload.wikimedia.org/wikipedia/commons/b/bf/Awaizinzya_11.jpg?utm_source=commons.wikimedia.org&utm_campaign=imageinfo&utm_content=original,https://thumb.wikimedia.org/wikipedia/commons/thumb/b/bf/Awaizinzya_11.jpg/960px-Awaizinzya_11.jpg?utm_source=commons.wikimedia.org&utm_campaign=imageinfo&utm_content=thumbnail,image/jpeg,1571,951,Dokudami,CC BY-SA 4.0,https://creativecommons.org/licenses/by-sa/4.0,Creative Commons Attribution-Share Alike 4.0,,Own work,粟井神社の拝殿,2019-06-16,2026-09-23T09:57:56.351731+00:00,True
commons-0031,shinto,boundary_marker,Category:Shimenawa,92985596,File:Chikatsu Shrine Honden.jpg,https://commons.wikimedia.org/wiki/File:Chikatsu_Shrine_Honden.jpg,https://upload.wikimedia.org/wikipedia/commons/1/1d/Chikatsu_Shrine_Honden.jpg?utm_source=commons.wikimedia.org&utm_campaign=imageinfo&utm_content=original,https://thumb.wikimedia.org/wikipedia/commons/thumb/1/1d/Chikatsu_Shrine_Honden.jpg/960px-Chikatsu_Shrine_Honden.jpg?utm_source=commons.wikimedia.org&utm_campaign=imageinfo&utm_content=thumbnail,image/jpeg,4608,3456,Miyuki Meinaka,CC BY-SA 4.0,https://creativecommons.org/licenses/by-sa/4.0,Creative Commons Attribution-Share Alike 4.0,,Own work,"This is honden of Chikatsu Shrine in Utsunomiya, Tochigi, Japan.",2020-08-07,2026-09-23T09:57:56.351731+00:00,True
commons-0032,shinto,boundary_marker,Category:Shimenawa,105163947,File:B神明神社.jpg,https://commons.wikimedia.org/wiki/File:B%E7%A5%9E%E6%98%8E%E7%A5%9E%E7%A4%BE.jpg,https://upload.wikimedia.org/wikipedia/commons/2/2e/B%E7%A5%9E%E6%98%8E%E7%A5%9E%E7%A4%BE.jpg?utm_source=commons.wikimedia.org&utm_campaign=imageinfo&utm_content=original,https://thumb.wikimedia.org/wikipedia/commons/thumb/2/2e/B%E7%A5%9E%E6%98%8E%E7%A5%9E%E7%A4%BE.jpg/960px-B%E7%A5%9E%E6%98%8E%E7%A5%9E%E7%A4%BE.jpg?utm_source=commons.wikimedia.org&utm_campaign=imageinfo&utm_content=thumbnail,image/jpeg,3024,4032,ハチマンタロウ,CC BY-SA 4.0,https://creativecommons.org/licenses/by-sa/4.0,Creative Commons Attribution-Share Alike 4.0,,Own work,神明神社,2019-02-10,2026-09-23T09:57:56.351731+00:00,True
commons-0033,shinto,boundary_marker,Category:Shimenawa,115339990,File:Atago Shrine Iruma Hie Shrine.jpg,https://commons.wikimedia.org/wiki/File:Atago_Shrine_Iruma_Hie_Shrine.jpg,https://upload.wikimedia.org/wikipedia/commons/2/28/Atago_Shrine_Iruma_Hie_Shrine.jpg?utm_source=commons.wikimedia.org&utm_campaign=imageinfo&utm_content=original,https://thumb.wikimedia.org/wikipedia/commons/thumb/2/28/Atago_Shrine_Iruma_Hie_Shrine.jpg/960px-Atago_Shrine_Iruma_Hie_Shrine.jpg?utm_source=commons.wikimedia.org&utm_campaign=imageinfo&utm_content=thumbnail,image/jpeg,4032,3024,Olivia Sciuto,CC BY-SA 4.0,https://creativecommons.org/licenses/by-sa/4.0,Creative Commons Attribution-Share Alike 4.0,,Own work,愛宕神社（入間市）境内社 日枝神社,2022-02-16,2026-09-23T09:57:56.351731+00:00,True
commons-0034,shinto,boundary_marker,Category:Shimenawa,115340804,File:Atago Shrine Iruma kubizuka.jpg,https://commons.wikimedia.org/wiki/File:Atago_Shrine_Iruma_kubizuka.jpg,https://upload.wikimedia.org/wikipedia/commons/d/df/Atago_Shrine_Iruma_kubizuka.jpg?utm_source=commons.wikimedia.org&utm_campaign=imageinfo&utm_content=original,https://thumb.wikimedia.org/wikipedia/commons/thumb/d/df/Atago_Shrine_Iruma_kubizuka.jpg/960px-Atago_Shrine_Iruma_kubizuka.jpg?utm_source=commons.wikimedia.org&utm_campaign=imageinfo&utm_content=thumbnail,image/jpeg,4032,3024,Olivia Sciuto,CC BY-SA 4.0,https://creativecommons.org/licenses/by-sa/4.0,Creative Commons Attribution-Share Alike 4.0,,Own work,愛宕神社（入間市）境内 新田義興公 首塚,2022-02-16,2026-09-23T09:57:56.351731+00:00,True
commons-0035,shinto,boundary_marker,Category:Shimenawa,120930052,File:Amatsujinja03.JPG,https://commons.wikimedia.org/wiki/File:Amatsujinja03.JPG,https://upload.wikimedia.org/wikipedia/commons/d/db/Amatsujinja03.JPG?utm_source=commons.wikimedia.org&utm_campaign=imageinfo&utm_content=original,https://thumb.wikimedia.org/wikipedia/commons/thumb/d/db/Amatsujinja03.JPG/960px-Amatsujinja03.JPG?utm_source=commons.wikimedia.org&utm_campaign=imageinfo&utm_content=thumbnail,image/jpeg,1600,1200,,CC BY 2.0,https://creativecommons.org/licenses/by/2.0,Creative Commons Attribution 2.0,,,,,2026-09-23T09:57:56.351731+00:00,True
commons-0036,shinto,boundary_marker,Category:Shimenawa,121177662,"File:Budai-jinja, Himeji.jpg","https://commons.wikimedia.org/wiki/File:Budai-jinja,_Himeji.jpg",https://upload.wikimedia.org/wikipedia/commons/2/2b/Budai-jinja%2C_Himeji.jpg?utm_source=commons.wikimedia.org&utm_campaign=imageinfo&utm_content=original,https://thumb.wikimedia.org/wikipedia/commons/thumb/2/2b/Budai-jinja%2C_Himeji.jpg/960px-Budai-jinja%2C_Himeji.jpg?utm_source=commons.wikimedia.org&utm_campaign=imageinfo&utm_content=thumbnail,image/jpeg,2432,1824,運動会プロテインパワー,CC BY-SA 4.0,https://creativecommons.org/licenses/by-sa/4.0,Creative Commons Attribution-Share Alike 4.0,,Own work,武大神社 （兵庫県姫路市）,2022-07,2026-09-23T09:57:56.351731+00:00,True
commons-0037,shinto,household_display,Category:Kamidana,37271,File:Kamidana.jpg,https://commons.wikimedia.org/wiki/File:Kamidana.jpg,https://upload.wikimedia.org/wikipedia/commons/c/cc/Kamidana.jpg?utm_source=commons.wikimedia.org&utm_campaign=imageinfo&utm_content=original,https://upload.wikimedia.org/wikipedia/commons/c/cc/Kamidana.jpg?utm_source=commons.wikimedia.org&utm_campaign=imageinfo&utm_content=thumbnail_unscaled,image/jpeg,400,249,,CC BY-SA 3.0,http://creativecommons.org/licenses/by-sa/3.0/,Creative Commons Attribution-Share Alike 3.0,,,,,2026-09-23T09:57:56.351731+00:00,True
commons-0038,shinto,household_display,Category:Kamidana,728057,File:Ishitani residence13 1920.jpg,https://commons.wikimedia.org/wiki/File:Ishitani_residence13_1920.jpg,https://upload.wikimedia.org/wikipedia/commons/d/d7/Ishitani_residence13_1920.jpg?utm_source=commons.wikimedia.org&utm_campaign=imageinfo&utm_content=original,https://thumb.wikimedia.org/wikipedia/commons/thumb/d/d7/Ishitani_residence13_1920.jpg/960px-Ishitani_residence13_1920.jpg?utm_source=commons.wikimedia.org&utm_campaign=imageinfo&utm_content=thumbnail,image/jpeg,2816,1584,663highland,CC BY 2.5,https://creativecommons.org/licenses/by/2.5,Creative Commons Attribution 2.5,,Own work,"Ishitani Residence in Chidu-cho , Tottori prefecture , Japan",2006-04-23,2026-09-23T09:57:56.351731+00:00,True
commons-0039,shinto,household_display,Category:Kamidana,2795288,"File:Name-the-baby&household-Shinto-altar,japan.JPG","https://commons.wikimedia.org/wiki/File:Name-the-baby%26household-Shinto-altar,japan.JPG",https://upload.wikimedia.org/wikipedia/commons/d/d3/Name-the-baby%26household-Shinto-altar%2Cjapan.JPG?utm_source=commons.wikimedia.org&utm_campaign=imageinfo&utm_content=original,https://thumb.wikimedia.org/wikipedia/commons/thumb/d/d3/Name-the-baby%26household-Shinto-altar%2Cjapan.JPG/960px-Name-the-baby%26household-Shinto-altar%2Cjapan.JPG?utm_source=commons.wikimedia.org&utm_campaign=imageinfo&utm_content=thumbnail,image/jpeg,1600,1200,katorisi,CC BY 3.0,https://creativecommons.org/licenses/by/3.0,Creative Commons Attribution 3.0,,Own work,"name the baby & household Shinto altar,japan",2007-09-23,2026-09-23T09:57:56.351731+00:00,True
commons-0040,shinto,household_display,Category:Kamidana,3277690,File:Kamidana with kagamimochi offering by shig2006 in Hitachinaka.jpg,https://commons.wikimedia.org/wiki/File:Kamidana_with_kagamimochi_offering_by_shig2006_in_Hitachinaka.jpg,https://upload.wikimedia.org/wikipedia/commons/1/1e/Kamidana_with_kagamimochi_offering_by_shig2006_in_Hitachinaka.jpg?utm_source=commons.wikimedia.org&utm_campaign=imageinfo&utm_content=original,https://upload.wikimedia.org/wikipedia/commons/1/1e/Kamidana_with_kagamimochi_offering_by_shig2006_in_Hitachinaka.jpg?utm_source=commons.wikimedia.org&utm_campaign=imageinfo&utm_content=thumbnail_unscaled,image/jpeg,600,398,"shig2006 from Hitachinaka, Ibaraki",CC BY 2.0,https://creativecommons.org/licenses/by/2.0,Creative Commons Attribution 2.0,,Flickr,Kamidana - a household Shinto altar,2007-01-01,2026-09-23T09:57:56.351731+00:00,True
commons-0041,shinto,household_display,Category:Kamidana,5048944,File:Kamidana2.jpg,https://commons.wikimedia.org/wiki/File:Kamidana2.jpg,https://upload.wikimedia.org/wikipedia/commons/8/84/Kamidana2.jpg?utm_source=commons.wikimedia.org&utm_campaign=imageinfo&utm_content=original,https://thumb.wikimedia.org/wikipedia/commons/thumb/8/84/Kamidana2.jpg/960px-Kamidana2.jpg?utm_source=commons.wikimedia.org&utm_campaign=imageinfo&utm_content=thumbnail,image/jpeg,1600,1200,Leongboy1,Public domain,,Public domain,,Own work,A personal Kamidana,,2026-09-23T09:57:56.351731+00:00,True
commons-0042,shinto,household_display,Category:Kamidana,56888915,File:Fukagawa Edo Museum on the 30th of october 2010 - 37.jpg,https://commons.wikimedia.org/wiki/File:Fukagawa_Edo_Museum_on_the_30th_of_october_2010_-_37.jpg,https://upload.wikimedia.org/wikipedia/commons/3/37/Fukagawa_Edo_Museum_on_the_30th_of_october_2010_-_37.jpg?utm_source=commons.wikimedia.org&utm_campaign=imageinfo&utm_content=original,https://thumb.wikimedia.org/wikipedia/commons/thumb/3/37/Fukagawa_Edo_Museum_on_the_30th_of_october_2010_-_37.jpg/960px-Fukagawa_Edo_Museum_on_the_30th_of_october_2010_-_37.jpg?utm_source=commons.wikimedia.org&utm_campaign=imageinfo&utm_content=thumbnail,image/jpeg,3888,2592,Lionel Allorge,CC BY-SA 3.0,https://creativecommons.org/licenses/by-sa/3.0,Creative Commons Attribution-Share Alike 3.0,,Own work,"Fukagawa Edo Museum in Tokyo , Japan .","Taken on 30 October 2010, 03:05:45",2026-09-23T09:57:56.351731+00:00,True
commons-0043,shinto,household_display,Category:Kamidana,56889257,File:Fukagawa Edo Museum on the 30th of october 2010 - 63.jpg,https://commons.wikimedia.org/wiki/File:Fukagawa_Edo_Museum_on_the_30th_of_october_2010_-_63.jpg,https://upload.wikimedia.org/wikipedia/commons/0/03/Fukagawa_Edo_Museum_on_the_30th_of_october_2010_-_63.jpg?utm_source=commons.wikimedia.org&utm_campaign=imageinfo&utm_content=original,https://thumb.wikimedia.org/wikipedia/commons/thumb/0/03/Fukagawa_Edo_Museum_on_the_30th_of_october_2010_-_63.jpg/960px-Fukagawa_Edo_Museum_on_the_30th_of_october_2010_-_63.jpg?utm_source=commons.wikimedia.org&utm_campaign=imageinfo&utm_content=thumbnail,image/jpeg,3888,2592,Lionel Allorge,CC BY-SA 3.0,https://creativecommons.org/licenses/by-sa/3.0,Creative Commons Attribution-Share Alike 3.0,,Own work,"Fukagawa Edo Museum in Tokyo , Japan .","Taken on 30 October 2010, 03:25:57",2026-09-23T09:57:56.351731+00:00,True
commons-0044,shinto,household_display,Category:Kamidana,56889592,File:Fukagawa Edo Museum on the 30th of october 2010 - 86.jpg,https://commons.wikimedia.org/wiki/File:Fukagawa_Edo_Museum_on_the_30th_of_october_2010_-_86.jpg,https://upload.wikimedia.org/wikipedia/commons/0/08/Fukagawa_Edo_Museum_on_the_30th_of_october_2010_-_86.jpg?utm_source=commons.wikimedia.org&utm_campaign=imageinfo&utm_content=original,https://thumb.wikimedia.org/wikipedia/commons/thumb/0/08/Fukagawa_Edo_Museum_on_the_30th_of_october_2010_-_86.jpg/960px-Fukagawa_Edo_Museum_on_the_30th_of_october_2010_-_86.jpg?utm_source=commons.wikimedia.org&utm_campaign=imageinfo&utm_content=thumbnail,image/jpeg,3888,2592,Lionel Allorge,CC BY-SA 3.0,https://creativecommons.org/licenses/by-sa/3.0,Creative Commons Attribution-Share Alike 3.0,,Own work,"Fukagawa Edo Museum in Tokyo , Japan .","Taken on 30 October 2010, 03:50:45",2026-09-23T09:57:56.351731+00:00,True
commons-0045,shinto,household_display,Category:Kamidana,58321018,"File:Household Shinto altar of Tokai University, Research and Training Vessel BOSEI MARU in port of Yokohama 20120716.jpg","https://commons.wikimedia.org/wiki/File:Household_Shinto_altar_of_Tokai_University,_Research_and_Training_Vessel_BOSEI_MARU_in_port_of_Yokohama_20120716.jpg",https://upload.wikimedia.org/wikipedia/commons/3/3a/Household_Shinto_altar_of_Tokai_University%2C_Research_and_Training_Vessel_BOSEI_MARU_in_port_of_Yokohama_20120716.jpg?utm_source=commons.wikimedia.org&utm_campaign=imageinfo&utm_content=original,https://thumb.wikimedia.org/wikipedia/commons/thumb/3/3a/Household_Shinto_altar_of_Tokai_University%2C_Research_and_Training_Vessel_BOSEI_MARU_in_port_of_Yokohama_20120716.jpg/960px-Household_Shinto_altar_of_Tokai_University%2C_Research_and_Training_Vessel_BOSEI_MARU_in_port_of_Yokohama_20120716.jpg?utm_source=commons.wikimedia.org&utm_campaign=imageinfo&utm_content=thumbnail,image/jpeg,4608,3440,Ootahara,CC0,http://creativecommons.org/publicdomain/zero/1.0/deed.en,"Creative Commons Zero, Public Domain Dedication",,Own work,東海大学の海洋調査船・研修船望星丸の神棚 20120716に横浜港で撮影,2012-07-16 10:40:16,2026-09-23T09:57:56.351731+00:00,True
commons-0046,shinto,household_display,Category:Kamidana,62798010,File:Ikoidou-fuchu-NAKASU2017-no02.jpg,https://commons.wikimedia.org/wiki/File:Ikoidou-fuchu-NAKASU2017-no02.jpg,https://upload.wikimedia.org/wikipedia/commons/9/9c/Ikoidou-fuchu-NAKASU2017-no02.jpg?utm_source=commons.wikimedia.org&utm_campaign=imageinfo&utm_content=original,https://thumb.wikimedia.org/wikipedia/commons/thumb/9/9c/Ikoidou-fuchu-NAKASU2017-no02.jpg/960px-Ikoidou-fuchu-NAKASU2017-no02.jpg?utm_source=commons.wikimedia.org&utm_campaign=imageinfo&utm_content=thumbnail,image/jpeg,5184,3888,melvil,CC BY-SA 4.0,https://creativecommons.org/licenses/by-sa/4.0,Creative Commons Attribution-Share Alike 4.0,,Own work,"憩亭。別名、辻堂または四つ堂。広島県府中市中須町。 https://earth.google.com/web/@34.55437222,133.25624061,24.61132049a,0d,60y,139.40752961h,85.13295557t,0r/data=IhoKFkJGeUY1ZmpmSTEwZm9Ec2FHb3NiY1EQAg",2017-09-27 14:09:52,2026-09-23T09:57:56.351731+00:00,True
commons-0047,shinto,household_display,Category:Kamidana,62798318,File:Ikoidou-kamidana.jpg,https://commons.wikimedia.org/wiki/File:Ikoidou-kamidana.jpg,https://upload.wikimedia.org/wikipedia/commons/d/d6/Ikoidou-kamidana.jpg?utm_source=commons.wikimedia.org&utm_campaign=imageinfo&utm_content=original,https://thumb.wikimedia.org/wikipedia/commons/thumb/d/d6/Ikoidou-kamidana.jpg/960px-Ikoidou-kamidana.jpg?utm_source=commons.wikimedia.org&utm_campaign=imageinfo&utm_content=thumbnail,image/jpeg,5184,3888,melvil,CC BY-SA 4.0,https://creativecommons.org/licenses/by-sa/4.0,Creative Commons Attribution-Share Alike 4.0,,Own work,憩亭の神棚。広島県府中市中須町,2017-09-27 14:20:58,2026-09-23T09:57:56.351731+00:00,True
commons-0048,shinto,household_display,Category:Kamidana,83617360,File:Megurotei Kamidana-1.jpg,https://commons.wikimedia.org/wiki/File:Megurotei_Kamidana-1.jpg,https://upload.wikimedia.org/wikipedia/commons/1/16/Megurotei_Kamidana-1.jpg?utm_source=commons.wikimedia.org&utm_campaign=imageinfo&utm_content=original,https://thumb.wikimedia.org/wikipedia/commons/thumb/1/16/Megurotei_Kamidana-1.jpg/960px-Megurotei_Kamidana-1.jpg?utm_source=commons.wikimedia.org&utm_campaign=imageinfo&utm_content=thumbnail,image/jpeg,3696,2448,ゑぬぽい,CC BY-SA 4.0,https://creativecommons.org/licenses/by-sa/4.0,Creative Commons Attribution-Share Alike 4.0,,Own work,目黒邸の神棚,2019-11-03 11:59:00,2026-09-23T09:57:56.351731+00:00,True
commons-0049,shinto,household_display,Category:Kamidana,100486297,"File:13 Santuari de Shiramine-jingu (Kyoto), fanalets de paper (chochin) i corda amb ofrenes (shide).jpg","https://commons.wikimedia.org/wiki/File:13_Santuari_de_Shiramine-jingu_(Kyoto),_fanalets_de_paper_(chochin)_i_corda_amb_ofrenes_(shide).jpg",https://upload.wikimedia.org/wikipedia/commons/b/bc/13_Santuari_de_Shiramine-jingu_%28Kyoto%29%2C_fanalets_de_paper_%28chochin%29_i_corda_amb_ofrenes_%28shide%29.jpg?utm_source=commons.wikimedia.org&utm_campaign=imageinfo&utm_content=original,https://thumb.wikimedia.org/wikipedia/commons/thumb/b/bc/13_Santuari_de_Shiramine-jingu_%28Kyoto%29%2C_fanalets_de_paper_%28chochin%29_i_corda_amb_ofrenes_%28shide%29.jpg/960px-13_Santuari_de_Shiramine-jingu_%28Kyoto%29%2C_fanalets_de_paper_%28chochin%29_i_corda_amb_ofrenes_%28shide%29.jpg?utm_source=commons.wikimedia.org&utm_campaign=imageinfo&utm_content=thumbnail,image/jpeg,2303,1424,GuillemMedina,CC BY-SA 4.0,https://creativecommons.org/licenses/by-sa/4.0,Creative Commons Attribution-Share Alike 4.0,,Own work,"Santuari de Shiramine-jingu (Kyoto), fanalets de paper (chochin) i corda amb ofrenes (shide)",2008-10-28 06:28:45,2026-09-23T09:57:56.351731+00:00,True
commons-0050,shinto,household_display,Category:Kamidana,114823537,File:A SKYLIGHT AND THE KITCHEN-GOD. (1910) - illustration - page 067.png,https://commons.wikimedia.org/wiki/File:A_SKYLIGHT_AND_THE_KITCHEN-GOD._(1910)_-_illustration_-_page_067.png,https://upload.wikimedia.org/wikipedia/commons/7/76/A_SKYLIGHT_AND_THE_KITCHEN-GOD._%281910%29_-_illustration_-_page_067.png?utm_source=commons.wikimedia.org&utm_campaign=imageinfo&utm_content=original,https://upload.wikimedia.org/wikipedia/commons/7/76/A_SKYLIGHT_AND_THE_KITCHEN-GOD._%281910%29_-_illustration_-_page_067.png?utm_source=commons.wikimedia.org&utm_campaign=imageinfo&utm_content=thumbnail_unscaled,image/png,789,1034,Unknown author Unknown author,Public domain,,Public domain,,https://www.gutenberg.org/ebooks/65870,"Illustration from page 067 of A SKYLIGHT AND THE KITCHEN-GOD. . Image reference: ""20"" Caption: ""A SKYLIGHT AND THE KITCHEN-GOD.""",1910,2026-09-23T09:57:56.351731+00:00,True
commons-0051,shinto,household_display,Category:Kamidana,126641098,File:Kamidana for sale 2022 Dec 11 05-19PM.jpeg,https://commons.wikimedia.org/wiki/File:Kamidana_for_sale_2022_Dec_11_05-19PM.jpeg,https://upload.wikimedia.org/wikipedia/commons/8/85/Kamidana_for_sale_2022_Dec_11_05-19PM.jpeg?utm_source=commons.wikimedia.org&utm_campaign=imageinfo&utm_content=original,https://thumb.wikimedia.org/wikipedia/commons/thumb/8/85/Kamidana_for_sale_2022_Dec_11_05-19PM.jpeg/960px-Kamidana_for_sale_2022_Dec_11_05-19PM.jpeg?utm_source=commons.wikimedia.org&utm_campaign=imageinfo&utm_content=thumbnail,image/jpeg,4032,3024,Nesnad,CC BY 4.0,https://creativecommons.org/licenses/by/4.0,Creative Commons Attribution 4.0,,Own work,神棚 (Kamidana),2022-12-11 17:19:44,2026-09-23T09:57:56.351731+00:00,True
commons-0052,shinto,household_display,Category:Kamidana,140045286,File:Bath Counter at Hanayu.jpg,https://commons.wikimedia.org/wiki/File:Bath_Counter_at_Hanayu.jpg,https://upload.wikimedia.org/wikipedia/commons/f/fb/Bath_Counter_at_Hanayu.jpg?utm_source=commons.wikimedia.org&utm_campaign=imageinfo&utm_content=original,https://thumb.wikimedia.org/wikipedia/commons/thumb/f/fb/Bath_Counter_at_Hanayu.jpg/960px-Bath_Counter_at_Hanayu.jpg?utm_source=commons.wikimedia.org&utm_campaign=imageinfo&utm_content=thumbnail,image/jpeg,3240,4320,Mr.ちゅらさん,CC0,http://creativecommons.org/publicdomain/zero/1.0/deed.en,"Creative Commons Zero, Public Domain Dedication",,Own work,Bath Counter at Hanayu,"Taken on 3 November 2023, 16:43:07",2026-09-23T09:57:56.351731+00:00,True
commons-0053,shinto,household_display,Category:Kamidana,150821734,File:Kamidana for sale at Hakata.jpg,https://commons.wikimedia.org/wiki/File:Kamidana_for_sale_at_Hakata.jpg,https://upload.wikimedia.org/wikipedia/commons/6/65/Kamidana_for_sale_at_Hakata.jpg?utm_source=commons.wikimedia.org&utm_campaign=imageinfo&utm_content=original,https://thumb.wikimedia.org/wikipedia/commons/thumb/6/65/Kamidana_for_sale_at_Hakata.jpg/960px-Kamidana_for_sale_at_Hakata.jpg?utm_source=commons.wikimedia.org&utm_campaign=imageinfo&utm_content=thumbnail,image/jpeg,4032,3024,Immanuelle,CC BY 4.0,https://creativecommons.org/licenses/by/4.0,Creative Commons Attribution 4.0,,Own work,Photo taken in Kyushu of an unknown location,2024-05-30 13:38:21,2026-09-23T09:57:56.351731+00:00,True
commons-0054,shinto,household_display,Category:Kamidana,190539132,File:Kamidana - Kanagawa 2026 April 26.jpg,https://commons.wikimedia.org/wiki/File:Kamidana_-_Kanagawa_2026_April_26.jpg,https://upload.wikimedia.org/wikipedia/commons/f/f4/Kamidana_-_Kanagawa_2026_April_26.jpg?utm_source=commons.wikimedia.org&utm_campaign=imageinfo&utm_content=original,https://thumb.wikimedia.org/wikipedia/commons/thumb/f/f4/Kamidana_-_Kanagawa_2026_April_26.jpg/960px-Kamidana_-_Kanagawa_2026_April_26.jpg?utm_source=commons.wikimedia.org&utm_campaign=imageinfo&utm_content=thumbnail,image/jpeg,3121,1830,Nesnad,CC BY 4.0,https://creativecommons.org/licenses/by/4.0,Creative Commons Attribution 4.0,,Own work,Kamidana,2026-04-26 15:41:45,2026-09-23T09:57:56.351731+00:00,True
commons-0055,shinto,votive_object,Category:Ema (Shinto),42558657,File:Ema by Utagawa Kunitsune (Hibita Jinja Isehara).jpg,https://commons.wikimedia.org/wiki/File:Ema_by_Utagawa_Kunitsune_(Hibita_Jinja_Isehara).jpg,https://upload.wikimedia.org/wikipedia/commons/4/4e/Ema_by_Utagawa_Kunitsune_%28Hibita_Jinja_Isehara%29.jpg?utm_source=commons.wikimedia.org&utm_campaign=imageinfo&utm_content=original,https://upload.wikimedia.org/wikipedia/commons/4/4e/Ema_by_Utagawa_Kunitsune_%28Hibita_Jinja_Isehara%29.jpg?utm_source=commons.wikimedia.org&utm_campaign=imageinfo&utm_content=thumbnail_unscaled,image/jpeg,495,699,Utagawa Kunitsune 歌川国経,Public domain,,Public domain,,http://5.pro.tok2.com/~tetsuyosie/kanagawa/iseharasi/HibitaKamikasuya/hibita.html,"Beautiful Women ita-e, ema by Utagawa Kunitsune, Hibita Jinja, Isehara, Kanagawa, Japan",1802,2026-09-23T09:57:56.351731+00:00,True
commons-0056,shinto,votive_object,Category:Ema (Shinto),47344070,File:Ema - Shinto shrine prayer cards.jpg,https://commons.wikimedia.org/wiki/File:Ema_-_Shinto_shrine_prayer_cards.jpg,https://upload.wikimedia.org/wikipedia/commons/0/0e/Ema_-_Shinto_shrine_prayer_cards.jpg?utm_source=commons.wikimedia.org&utm_campaign=imageinfo&utm_content=original,https://thumb.wikimedia.org/wikipedia/commons/thumb/0/0e/Ema_-_Shinto_shrine_prayer_cards.jpg/960px-Ema_-_Shinto_shrine_prayer_cards.jpg?utm_source=commons.wikimedia.org&utm_campaign=imageinfo&utm_content=thumbnail,image/jpeg,3583,2376,Owlsmcgee,CC BY-SA 4.0,https://creativecommons.org/licenses/by-sa/4.0,Creative Commons Attribution-Share Alike 4.0,,Own work,Ema are wooden prayer cards hung outside of Shinto shrines.,2010-12-10 01:57:15,2026-09-23T09:57:56.351731+00:00,True
commons-0057,shinto,votive_object,Category:Ema (Shinto),60611029,"File:4 Chome Koyasumachi, Hachiōji-shi, Tōkyō-to 192-0904, Japan - panoramio (50).jpg","https://commons.wikimedia.org/wiki/File:4_Chome_Koyasumachi,_Hachi%C5%8Dji-shi,_T%C5%8Dky%C5%8D-to_192-0904,_Japan_-_panoramio_(50).jpg",https://upload.wikimedia.org/wikipedia/commons/a/a6/4_Chome_Koyasumachi%2C_Hachi%C5%8Dji-shi%2C_T%C5%8Dky%C5%8D-to_192-0904%2C_Japan_-_panoramio_%2850%29.jpg?utm_source=commons.wikimedia.org&utm_campaign=imageinfo&utm_content=original,https://thumb.wikimedia.org/wikipedia/commons/thumb/a/a6/4_Chome_Koyasumachi%2C_Hachi%C5%8Dji-shi%2C_T%C5%8Dky%C5%8D-to_192-0904%2C_Japan_-_panoramio_%2850%29.jpg/960px-4_Chome_Koyasumachi%2C_Hachi%C5%8Dji-shi%2C_T%C5%8Dky%C5%8D-to_192-0904%2C_Japan_-_panoramio_%2850%29.jpg?utm_source=commons.wikimedia.org&utm_campaign=imageinfo&utm_content=thumbnail,image/jpeg,4592,3448,運転太郎,CC BY 3.0,https://creativecommons.org/licenses/by/3.0,Creative Commons Attribution 3.0,運転太郎,https://web.archive.org/web/20161031031735/http://www.panoramio.com/photo/129204270,"4 Chome Koyasumachi, Hachiōji-shi, Tōkyō-to 192-0904, Japan",Taken on 26 March 2016,2026-09-23T09:57:56.351731+00:00,True
commons-0058,shinto,votive_object,Category:Ema (Shinto),60611030,"File:4 Chome Koyasumachi, Hachiōji-shi, Tōkyō-to 192-0904, Japan - panoramio (51).jpg","https://commons.wikimedia.org/wiki/File:4_Chome_Koyasumachi,_Hachi%C5%8Dji-shi,_T%C5%8Dky%C5%8D-to_192-0904,_Japan_-_panoramio_(51).jpg",https://upload.wikimedia.org/wikipedia/commons/1/18/4_Chome_Koyasumachi%2C_Hachi%C5%8Dji-shi%2C_T%C5%8Dky%C5%8D-to_192-0904%2C_Japan_-_panoramio_%2851%29.jpg?utm_source=commons.wikimedia.org&utm_campaign=imageinfo&utm_content=original,https://thumb.wikimedia.org/wikipedia/commons/thumb/1/18/4_Chome_Koyasumachi%2C_Hachi%C5%8Dji-shi%2C_T%C5%8Dky%C5%8D-to_192-0904%2C_Japan_-_panoramio_%2851%29.jpg/960px-4_Chome_Koyasumachi%2C_Hachi%C5%8Dji-shi%2C_T%C5%8Dky%C5%8D-to_192-0904%2C_Japan_-_panoramio_%2851%29.jpg?utm_source=commons.wikimedia.org&utm_campaign=imageinfo&utm_content=thumbnail,image/jpeg,4592,3448,運転太郎,CC BY 3.0,https://creativecommons.org/licenses/by/3.0,Creative Commons Attribution 3.0,運転太郎,https://web.archive.org/web/20161102115946/http://www.panoramio.com/photo/129204269,"4 Chome Koyasumachi, Hachiōji-shi, Tōkyō-to 192-0904, Japan",Taken on 26 March 2016,2026-09-23T09:57:56.351731+00:00,True
commons-0059,shinto,votive_object,Category:Ema (Shinto),60611042,"File:4 Chome Koyasumachi, Hachiōji-shi, Tōkyō-to 192-0904, Japan - panoramio (56).jpg","https://commons.wikimedia.org/wiki/File:4_Chome_Koyasumachi,_Hachi%C5%8Dji-shi,_T%C5%8Dky%C5%8D-to_192-0904,_Japan_-_panoramio_(56).jpg",https://upload.wikimedia.org/wikipedia/commons/7/76/4_Chome_Koyasumachi%2C_Hachi%C5%8Dji-shi%2C_T%C5%8Dky%C5%8D-to_192-0904%2C_Japan_-_panoramio_%2856%29.jpg?utm_source=commons.wikimedia.org&utm_campaign=imageinfo&utm_content=original,https://thumb.wikimedia.org/wikipedia/commons/thumb/7/76/4_Chome_Koyasumachi%2C_Hachi%C5%8Dji-shi%2C_T%C5%8Dky%C5%8D-to_192-0904%2C_Japan_-_panoramio_%2856%29.jpg/960px-4_Chome_Koyasumachi%2C_Hachi%C5%8Dji-shi%2C_T%C5%8Dky%C5%8D-to_192-0904%2C_Japan_-_panoramio_%2856%29.jpg?utm_source=commons.wikimedia.org&utm_campaign=imageinfo&utm_content=thumbnail,image/jpeg,4592,3448,運転太郎,CC BY 3.0,https://creativecommons.org/licenses/by/3.0,Creative Commons Attribution 3.0,運転太郎,https://web.archive.org/web/20161102115938/http://www.panoramio.com/photo/129204267,"4 Chome Koyasumachi, Hachiōji-shi, Tōkyō-to 192-0904, Japan",Taken on 26 March 2016,2026-09-23T09:57:56.351731+00:00,True
commons-0060,shinto,votive_object,Category:Ema (Shinto),71466353,File:Clauses (202249551).jpeg,https://commons.wikimedia.org/wiki/File:Clauses_(202249551).jpeg,https://upload.wikimedia.org/wikipedia/commons/0/02/Clauses_%28202249551%29.jpeg?utm_source=commons.wikimedia.org&utm_campaign=imageinfo&utm_content=original,https://thumb.wikimedia.org/wikipedia/commons/thumb/0/02/Clauses_%28202249551%29.jpeg/960px-Clauses_%28202249551%29.jpeg?utm_source=commons.wikimedia.org&utm_campaign=imageinfo&utm_content=thumbnail,image/jpeg,2048,2731,Simon Rodriguez,CC BY 3.0,https://creativecommons.org/licenses/by/3.0,Creative Commons Attribution 3.0,,Imported from 500px ( archived version ) by the Archive Team . ( detail page ),"500px provided description: Clauses [#Cityscape ,#Tokyo ,#Japan ,#Asia]","14 July 2012, 15:18:39 (UTC)",2026-09-23T09:57:56.351731+00:00,True
commons-0061,shinto,votive_object,Category:Ema (Shinto),71590255,File:500px photo (188687933).jpeg,https://commons.wikimedia.org/wiki/File:500px_photo_(188687933).jpeg,https://upload.wikimedia.org/wikipedia/commons/c/c5/500px_photo_%28188687933%29.jpeg?utm_source=commons.wikimedia.org&utm_campaign=imageinfo&utm_content=original,https://thumb.wikimedia.org/wikipedia/commons/thumb/c/c5/500px_photo_%28188687933%29.jpeg/960px-500px_photo_%28188687933%29.jpeg?utm_source=commons.wikimedia.org&utm_campaign=imageinfo&utm_content=thumbnail,image/jpeg,2048,1421,Chi King,CC BY 3.0,https://creativecommons.org/licenses/by/3.0,Creative Commons Attribution 3.0,,Imported from 500px ( archived version ) by the Archive Team . ( detail page ),"500px provided description: Untitled [#culture ,#Japan ,#Kyushu]","2 April 2016, 20:12:23 (UTC)",2026-09-23T09:57:56.351731+00:00,True
commons-0062,shinto,votive_object,Category:Ema (Shinto),74182231,File:Ema (131176629).jpeg,https://commons.wikimedia.org/wiki/File:Ema_(131176629).jpeg,https://upload.wikimedia.org/wikipedia/commons/b/bc/Ema_%28131176629%29.jpeg?utm_source=commons.wikimedia.org&utm_campaign=imageinfo&utm_content=original,https://thumb.wikimedia.org/wikipedia/commons/thumb/b/bc/Ema_%28131176629%29.jpeg/960px-Ema_%28131176629%29.jpeg?utm_source=commons.wikimedia.org&utm_campaign=imageinfo&utm_content=thumbnail,image/jpeg,1980,1320,Kentaro Mame,CC0,http://creativecommons.org/publicdomain/zero/1.0/deed.en,"Creative Commons Zero, Public Domain Dedication",,Imported from 500px ( archived version ) by the Archive Team . ( detail page ),500px provided description: Ema [],"before 4 December 2015, 17:29:26 (UTC)",2026-09-23T09:57:56.351731+00:00,True
commons-0063,shinto,votive_object,Category:Ema (Shinto),74819284,File:Ema hanging at a shrine in Japan 2011 8 (7024870627).jpg,https://commons.wikimedia.org/wiki/File:Ema_hanging_at_a_shrine_in_Japan_2011_8_(7024870627).jpg,https://upload.wikimedia.org/wikipedia/commons/d/dc/Ema_hanging_at_a_shrine_in_Japan_2011_8_%287024870627%29.jpg?utm_source=commons.wikimedia.org&utm_campaign=imageinfo&utm_content=original,https://thumb.wikimedia.org/wikipedia/commons/thumb/d/dc/Ema_hanging_at_a_shrine_in_Japan_2011_8_%287024870627%29.jpg/960px-Ema_hanging_at_a_shrine_in_Japan_2011_8_%287024870627%29.jpg?utm_source=commons.wikimedia.org&utm_campaign=imageinfo&utm_content=thumbnail,image/jpeg,4000,2667,Yiannis Theologos Michellis,CC0,http://creativecommons.org/publicdomain/zero/1.0/deed.en,"Creative Commons Zero, Public Domain Dedication",,Japan 2011 8,Japan 2011 8,2011-10-26 05:41,2026-09-23T09:57:56.351731+00:00,True
commons-0064,shinto,votive_object,Category:Ema (Shinto),87251808,File:Ema (Japanese prayer boards) at a shrine in Japan (55).jpg,https://commons.wikimedia.org/wiki/File:Ema_(Japanese_prayer_boards)_at_a_shrine_in_Japan_(55).jpg,https://upload.wikimedia.org/wikipedia/commons/0/06/Ema_%28Japanese_prayer_boards%29_at_a_shrine_in_Japan_%2855%29.jpg?utm_source=commons.wikimedia.org&utm_campaign=imageinfo&utm_content=original,https://thumb.wikimedia.org/wikipedia/commons/thumb/0/06/Ema_%28Japanese_prayer_boards%29_at_a_shrine_in_Japan_%2855%29.jpg/960px-Ema_%28Japanese_prayer_boards%29_at_a_shrine_in_Japan_%2855%29.jpg?utm_source=commons.wikimedia.org&utm_campaign=imageinfo&utm_content=thumbnail,image/jpeg,2048,1536,Savannah Rivka,CC BY-SA 4.0,https://creativecommons.org/licenses/by-sa/4.0,Creative Commons Attribution-Share Alike 4.0,,Own work,This photo has been taken in the country: Japan,2012-05-30 02:39:31,2026-09-23T09:57:56.351731+00:00,True
commons-0065,shinto,votive_object,Category:Ema (Shinto),110933539,File:Ema plaques in Japan.jpg,https://commons.wikimedia.org/wiki/File:Ema_plaques_in_Japan.jpg,https://upload.wikimedia.org/wikipedia/commons/f/f7/Ema_plaques_in_Japan.jpg?utm_source=commons.wikimedia.org&utm_campaign=imageinfo&utm_content=original,https://thumb.wikimedia.org/wikipedia/commons/thumb/f/f7/Ema_plaques_in_Japan.jpg/960px-Ema_plaques_in_Japan.jpg?utm_source=commons.wikimedia.org&utm_campaign=imageinfo&utm_content=thumbnail,image/jpeg,4592,3064,travel oriented,CC BY-SA 2.0,https://creativecommons.org/licenses/by-sa/2.0,Creative Commons Attribution-Share Alike 2.0,,https://www.flickr.com/photos/traveloriented/38222875022/,"Ema (絵馬) are small wooden plaques, common to Japan, in which Shinto and Buddhist worshippers write prayers or wishes. The ema are left hanging up at the shrine, where the kami (spirits or gods) are believed to receive them.",2017-10-04 12:03:42,2026-09-23T09:57:56.351731+00:00,True
commons-0066,shinto,votive_object,Category:Ema (Shinto),124229245,"File:A girl at the Hokkaido Shinto Shrine for The Seven-Five-Three Festival visit, Hokkaido; October 2022 (03).jpg","https://commons.wikimedia.org/wiki/File:A_girl_at_the_Hokkaido_Shinto_Shrine_for_The_Seven-Five-Three_Festival_visit,_Hokkaido;_October_2022_(03).jpg",https://upload.wikimedia.org/wikipedia/commons/5/50/A_girl_at_the_Hokkaido_Shinto_Shrine_for_The_Seven-Five-Three_Festival_visit%2C_Hokkaido%3B_October_2022_%2803%29.jpg?utm_source=commons.wikimedia.org&utm_campaign=imageinfo&utm_content=original,https://thumb.wikimedia.org/wikipedia/commons/thumb/5/50/A_girl_at_the_Hokkaido_Shinto_Shrine_for_The_Seven-Five-Three_Festival_visit%2C_Hokkaido%3B_October_2022_%2803%29.jpg/960px-A_girl_at_the_Hokkaido_Shinto_Shrine_for_The_Seven-Five-Three_Festival_visit%2C_Hokkaido%3B_October_2022_%2803%29.jpg?utm_source=commons.wikimedia.org&utm_campaign=imageinfo&utm_content=thumbnail,image/jpeg,6204,4136,MIKI Yoshihito,CC BY 2.0,https://creativecommons.org/licenses/by/2.0,Creative Commons Attribution 2.0,MIKI Yoshihito,https://www.flickr.com/photos/7940758@N07/52415042659/,"A girl at the Hokkaido Shinto Shrine for The Seven-Five-Three Festival visit. The Seven-Five-Three Festival or Shichi-Go-San (七五三) is a traditional Japanese rite of passage and festival day for three- and seven-year-old girls, five-year-old and sometimes three-year-old boys, held annually on November 15 to celebrate the growth and well-being of young children.",2022-10-01 14:39:31,2026-09-23T09:57:56.351731+00:00,True
commons-0067,shinto,votive_object,Category:Ema (Shinto),126743651,File:211204 Wake-jinja Wake Okayama pref Japan23s3.jpg,https://commons.wikimedia.org/wiki/File:211204_Wake-jinja_Wake_Okayama_pref_Japan23s3.jpg,https://upload.wikimedia.org/wikipedia/commons/7/77/211204_Wake-jinja_Wake_Okayama_pref_Japan23s3.jpg?utm_source=commons.wikimedia.org&utm_campaign=imageinfo&utm_content=original,https://thumb.wikimedia.org/wikipedia/commons/thumb/7/77/211204_Wake-jinja_Wake_Okayama_pref_Japan23s3.jpg/960px-211204_Wake-jinja_Wake_Okayama_pref_Japan23s3.jpg?utm_source=commons.wikimedia.org&utm_campaign=imageinfo&utm_content=thumbnail,image/jpeg,4912,3264,663highland,CC BY-SA 4.0,https://creativecommons.org/licenses/by-sa/4.0,Creative Commons Attribution-Share Alike 4.0,,Own work,"Wake-jinja in Wake , Okayama prefecture , Japan",2021-12-04,2026-09-23T09:57:56.351731+00:00,True
commons-0068,shinto,votive_object,Category:Ema (Shinto),126743657,File:211204 Wake-jinja Wake Okayama pref Japan24s3.jpg,https://commons.wikimedia.org/wiki/File:211204_Wake-jinja_Wake_Okayama_pref_Japan24s3.jpg,https://upload.wikimedia.org/wikipedia/commons/3/3f/211204_Wake-jinja_Wake_Okayama_pref_Japan24s3.jpg?utm_source=commons.wikimedia.org&utm_campaign=imageinfo&utm_content=original,https://thumb.wikimedia.org/wikipedia/commons/thumb/3/3f/211204_Wake-jinja_Wake_Okayama_pref_Japan24s3.jpg/960px-211204_Wake-jinja_Wake_Okayama_pref_Japan24s3.jpg?utm_source=commons.wikimedia.org&utm_campaign=imageinfo&utm_content=thumbnail,image/jpeg,4912,3264,663highland,CC BY-SA 4.0,https://creativecommons.org/licenses/by-sa/4.0,Creative Commons Attribution-Share Alike 4.0,,Own work,"Wake-jinja in Wake , Okayama prefecture , Japan",2021-12-04,2026-09-23T09:57:56.351731+00:00,True
commons-0069,shinto,votive_object,Category:Ema (Shinto),126743737,File:211204 Wake-jinja Wake Okayama pref Japan32s3.jpg,https://commons.wikimedia.org/wiki/File:211204_Wake-jinja_Wake_Okayama_pref_Japan32s3.jpg,https://upload.wikimedia.org/wikipedia/commons/5/54/211204_Wake-jinja_Wake_Okayama_pref_Japan32s3.jpg?utm_source=commons.wikimedia.org&utm_campaign=imageinfo&utm_content=original,https://thumb.wikimedia.org/wikipedia/commons/thumb/5/54/211204_Wake-jinja_Wake_Okayama_pref_Japan32s3.jpg/960px-211204_Wake-jinja_Wake_Okayama_pref_Japan32s3.jpg?utm_source=commons.wikimedia.org&utm_campaign=imageinfo&utm_content=thumbnail,image/jpeg,4912,3264,663highland,CC BY-SA 4.0,https://creativecommons.org/licenses/by-sa/4.0,Creative Commons Attribution-Share Alike 4.0,,Own work,"Wake-jinja in Wake , Okayama prefecture , Japan",2021-12-04,2026-09-23T09:57:56.351731+00:00,True
commons-0070,shinto,votive_object,Category:Ema (Shinto),132437953,"File:Bandai-ji, Ema in The Shape of Breast 001.jpg","https://commons.wikimedia.org/wiki/File:Bandai-ji,_Ema_in_The_Shape_of_Breast_001.jpg",https://upload.wikimedia.org/wikipedia/commons/3/37/Bandai-ji%2C_Ema_in_The_Shape_of_Breast_001.jpg?utm_source=commons.wikimedia.org&utm_campaign=imageinfo&utm_content=original,https://thumb.wikimedia.org/wikipedia/commons/thumb/3/37/Bandai-ji%2C_Ema_in_The_Shape_of_Breast_001.jpg/960px-Bandai-ji%2C_Ema_in_The_Shape_of_Breast_001.jpg?utm_source=commons.wikimedia.org&utm_campaign=imageinfo&utm_content=thumbnail,image/jpeg,5472,3648,Naokijp,CC BY-SA 4.0,https://creativecommons.org/licenses/by-sa/4.0,Creative Commons Attribution-Share Alike 4.0,,Own work,It is an Ema in the shape of a breast to pray for safe delivery. An ema is a small wooden plaque that you can buy at a temple. You write a wish on it and hang it up at the temple so your wish will come true.,2023-05-04 13:33:48,2026-09-23T09:57:56.351731+00:00,True
commons-0071,shinto,votive_object,Category:Ema (Shinto),143699312,File:Ema in Gongju.jpg,https://commons.wikimedia.org/wiki/File:Ema_in_Gongju.jpg,https://upload.wikimedia.org/wikipedia/commons/2/27/Ema_in_Gongju.jpg?utm_source=commons.wikimedia.org&utm_campaign=imageinfo&utm_content=original,https://thumb.wikimedia.org/wikipedia/commons/thumb/2/27/Ema_in_Gongju.jpg/960px-Ema_in_Gongju.jpg?utm_source=commons.wikimedia.org&utm_campaign=imageinfo&utm_content=thumbnail,image/jpeg,3285,4599,Bernard Gagnon,CC0,http://creativecommons.org/publicdomain/zero/1.0/deed.en,"Creative Commons Zero, Public Domain Dedication",,Own work,"Ema in Gongju, South Korea",2022-09-28,2026-09-23T09:57:56.351731+00:00,True
commons-0072,shinto,votive_object,Category:Ema (Shinto),176596853,File:250906 Tomisaki Jinja Katsuura Chiba pref Japan02s3.jpg,https://commons.wikimedia.org/wiki/File:250906_Tomisaki_Jinja_Katsuura_Chiba_pref_Japan02s3.jpg,https://upload.wikimedia.org/wikipedia/commons/2/2d/250906_Tomisaki_Jinja_Katsuura_Chiba_pref_Japan02s3.jpg?utm_source=commons.wikimedia.org&utm_campaign=imageinfo&utm_content=original,https://thumb.wikimedia.org/wikipedia/commons/thumb/2/2d/250906_Tomisaki_Jinja_Katsuura_Chiba_pref_Japan02s3.jpg/960px-250906_Tomisaki_Jinja_Katsuura_Chiba_pref_Japan02s3.jpg?utm_source=commons.wikimedia.org&utm_campaign=imageinfo&utm_content=thumbnail,image/jpeg,5472,3648,663highland,CC BY-SA 4.0,https://creativecommons.org/licenses/by-sa/4.0,Creative Commons Attribution-Share Alike 4.0,,Own work,"Tomisaki-jinja in Katsuura , Chiba prefecture , Japan",2025-09-06,2026-09-23T09:57:56.351731+00:00,True
commons-0073,shinto,embedded_streetscape,Category:Wayside Shrines in Kyoto,50212148,File:Mitsutani Inari Okazaki Kyoto.jpg,https://commons.wikimedia.org/wiki/File:Mitsutani_Inari_Okazaki_Kyoto.jpg,https://upload.wikimedia.org/wikipedia/commons/7/74/Mitsutani_Inari_Okazaki_Kyoto.jpg?utm_source=commons.wikimedia.org&utm_campaign=imageinfo&utm_content=original,https://thumb.wikimedia.org/wikipedia/commons/thumb/7/74/Mitsutani_Inari_Okazaki_Kyoto.jpg/960px-Mitsutani_Inari_Okazaki_Kyoto.jpg?utm_source=commons.wikimedia.org&utm_campaign=imageinfo&utm_content=thumbnail,image/jpeg,3024,4032,Kochizufan,CC BY-SA 4.0,https://creativecommons.org/licenses/by-sa/4.0,Creative Commons Attribution-Share Alike 4.0,,Own work,京都、岡崎円勝寺町、三谷稲荷,2016-07-18 09:12:43,2026-09-23T09:57:56.351731+00:00,True
commons-0074,shinto,embedded_streetscape,Category:Wayside Shrines in Kyoto,190639229,File:New Wayside Shrine in Kyoto on 2026-04-28.jpeg,https://commons.wikimedia.org/wiki/File:New_Wayside_Shrine_in_Kyoto_on_2026-04-28.jpeg,https://upload.wikimedia.org/wikipedia/commons/b/b6/New_Wayside_Shrine_in_Kyoto_on_2026-04-28.jpeg?utm_source=commons.wikimedia.org&utm_campaign=imageinfo&utm_content=original,https://thumb.wikimedia.org/wikipedia/commons/thumb/b/b6/New_Wayside_Shrine_in_Kyoto_on_2026-04-28.jpeg/960px-New_Wayside_Shrine_in_Kyoto_on_2026-04-28.jpeg?utm_source=commons.wikimedia.org&utm_campaign=imageinfo&utm_content=thumbnail,image/jpeg,3024,4032,Shisma,CC0,http://creativecommons.org/publicdomain/zero/1.0/deed.en,"Creative Commons Zero, Public Domain Dedication",,Own work,New Wayside Shrine in Kyoto on 2023-11-25T15:29:59 by Shisma,2023-11-25 15:29:59,2026-09-23T09:57:56.351731+00:00,True
commons-0075,shinto,embedded_streetscape,Category:Wayside Shrines in Kyoto,190640365,File:Wayside Shrine in Kyoto on 2026-04-28.jpeg,https://commons.wikimedia.org/wiki/File:Wayside_Shrine_in_Kyoto_on_2026-04-28.jpeg,https://upload.wikimedia.org/wikipedia/commons/5/57/Wayside_Shrine_in_Kyoto_on_2026-04-28.jpeg?utm_source=commons.wikimedia.org&utm_campaign=imageinfo&utm_content=original,https://thumb.wikimedia.org/wikipedia/commons/thumb/5/57/Wayside_Shrine_in_Kyoto_on_2026-04-28.jpeg/960px-Wayside_Shrine_in_Kyoto_on_2026-04-28.jpeg?utm_source=commons.wikimedia.org&utm_campaign=imageinfo&utm_content=thumbnail,image/jpeg,2924,3899,Shisma,CC0,http://creativecommons.org/publicdomain/zero/1.0/deed.en,"Creative Commons Zero, Public Domain Dedication",,Own work,Wayside Shrine in Kyoto on 2023-11-26T14:40:04 by Shisma,2023-11-26 14:40:04,2026-09-23T09:57:56.351731+00:00,True
commons-0076,shinto,embedded_streetscape,Category:Wayside Shrines in Kyoto,191200380,File:New Wayside Shrine in Kyoto on 2026-05-04.jpeg,https://commons.wikimedia.org/wiki/File:New_Wayside_Shrine_in_Kyoto_on_2026-05-04.jpeg,https://upload.wikimedia.org/wikipedia/commons/d/d5/New_Wayside_Shrine_in_Kyoto_on_2026-05-04.jpeg?utm_source=commons.wikimedia.org&utm_campaign=imageinfo&utm_content=original,https://thumb.wikimedia.org/wikipedia/commons/thumb/d/d5/New_Wayside_Shrine_in_Kyoto_on_2026-05-04.jpeg/960px-New_Wayside_Shrine_in_Kyoto_on_2026-05-04.jpeg?utm_source=commons.wikimedia.org&utm_campaign=imageinfo&utm_content=thumbnail,image/jpeg,4284,5712,Shisma,CC0,http://creativecommons.org/publicdomain/zero/1.0/deed.en,"Creative Commons Zero, Public Domain Dedication",,Own work,New Wayside Shrine in Kyoto on 2026-05-04 by Shisma,2023-11-27 15:20:15,2026-09-23T09:57:56.351731+00:00,True
commons-0077,mixed,portable_object,Category:Omamori,212007,File:Amulette-japonaise.jpg,https://commons.wikimedia.org/wiki/File:Amulette-japonaise.jpg,https://upload.wikimedia.org/wikipedia/commons/3/32/Amulette-japonaise.jpg?utm_source=commons.wikimedia.org&utm_campaign=imageinfo&utm_content=original,https://thumb.wikimedia.org/wikipedia/commons/thumb/3/32/Amulette-japonaise.jpg/960px-Amulette-japonaise.jpg?utm_source=commons.wikimedia.org&utm_campaign=imageinfo&utm_content=thumbnail,image/jpeg,1064,1876,Rama,CeCILL,http://www.cecill.info/licences/Licence_CeCILL_V2-en.html,CEA CNRS INRIA Logiciel Libre,,Own work,Japanese amulet,"Taken on 10 June 2005, 18:58 (according to Exif data)",2026-09-23T09:57:56.351731+00:00,True
commons-0078,mixed,portable_object,Category:Omamori,3324147,File:Kukuhi-jinja 0383.JPG,https://commons.wikimedia.org/wiki/File:Kukuhi-jinja_0383.JPG,https://upload.wikimedia.org/wikipedia/commons/e/eb/Kukuhi-jinja_0383.JPG?utm_source=commons.wikimedia.org&utm_campaign=imageinfo&utm_content=original,https://thumb.wikimedia.org/wikipedia/commons/thumb/e/eb/Kukuhi-jinja_0383.JPG/960px-Kukuhi-jinja_0383.JPG?utm_source=commons.wikimedia.org&utm_campaign=imageinfo&utm_content=thumbnail,image/jpeg,2048,1536,本人,Public domain,,Public domain,,Self-photographed,久久比神社 コウノトリ御守り,2008-01-02,2026-09-23T09:57:56.351731+00:00,True
commons-0079,mixed,portable_object,Category:Omamori,6355626,File:Jishu-Omamori.jpg,https://commons.wikimedia.org/wiki/File:Jishu-Omamori.jpg,https://upload.wikimedia.org/wikipedia/commons/a/ae/Jishu-Omamori.jpg?utm_source=commons.wikimedia.org&utm_campaign=imageinfo&utm_content=original,https://thumb.wikimedia.org/wikipedia/commons/thumb/a/ae/Jishu-Omamori.jpg/960px-Jishu-Omamori.jpg?utm_source=commons.wikimedia.org&utm_campaign=imageinfo&utm_content=thumbnail,image/jpeg,1000,594,Fg2,Public domain,,Public domain,,Own work by uploader. I took this photograph and contribute my rights in the file to the public domain. Individuals and organizations retain rights to images in the file.,"Omamori at Jishu Shrine in Kyoto, Japan 地主神社",Not recorded; circa 1995,2026-09-23T09:57:56.351731+00:00,True
commons-0080,mixed,portable_object,Category:Omamori,10766274,File:Kanai Anzen.png,https://commons.wikimedia.org/wiki/File:Kanai_Anzen.png,https://upload.wikimedia.org/wikipedia/commons/a/ab/Kanai_Anzen.png?utm_source=commons.wikimedia.org&utm_campaign=imageinfo&utm_content=original,https://thumb.wikimedia.org/wikipedia/commons/thumb/a/ab/Kanai_Anzen.png/960px-Kanai_Anzen.png?utm_source=commons.wikimedia.org&utm_campaign=imageinfo&utm_content=thumbnail,image/png,2400,4800,Rlaein,Public domain,,Public domain,,Own work,"Kanai Anzen (家内安全) roughly translates to ""Please keep my family from harm"", and is a used in Omamori to promote good health and to help those with illnesses.",2010-06-30,2026-09-23T09:57:56.351731+00:00,True
commons-0081,mixed,portable_object,Category:Omamori,33777140,File:300 yen Yasukuni Sakura-mikuji with Omamori in Nov 2013.jpg,https://commons.wikimedia.org/wiki/File:300_yen_Yasukuni_Sakura-mikuji_with_Omamori_in_Nov_2013.jpg,https://upload.wikimedia.org/wikipedia/commons/4/4e/300_yen_Yasukuni_Sakura-mikuji_with_Omamori_in_Nov_2013.jpg?utm_source=commons.wikimedia.org&utm_campaign=imageinfo&utm_content=original,https://thumb.wikimedia.org/wikipedia/commons/thumb/4/4e/300_yen_Yasukuni_Sakura-mikuji_with_Omamori_in_Nov_2013.jpg/960px-300_yen_Yasukuni_Sakura-mikuji_with_Omamori_in_Nov_2013.jpg?utm_source=commons.wikimedia.org&utm_campaign=imageinfo&utm_content=thumbnail,image/jpeg,3236,2166,Tranpan23,CC BY 2.0,https://creativecommons.org/licenses/by/2.0,Creative Commons Attribution 2.0,,DSC_2237.jpg,DSC_2237.jpg,2013-11-22 13:45,2026-09-23T09:57:56.351731+00:00,True
commons-0082,mixed,portable_object,Category:Omamori,34107463,File:Keihan 800 wall.JPG,https://commons.wikimedia.org/wiki/File:Keihan_800_wall.JPG,https://upload.wikimedia.org/wikipedia/commons/f/f8/Keihan_800_wall.JPG?utm_source=commons.wikimedia.org&utm_campaign=imageinfo&utm_content=original,https://thumb.wikimedia.org/wikipedia/commons/thumb/f/f8/Keihan_800_wall.JPG/960px-Keihan_800_wall.JPG?utm_source=commons.wikimedia.org&utm_campaign=imageinfo&utm_content=thumbnail,image/jpeg,4000,3000,Hahifuheho,CC0,http://creativecommons.org/publicdomain/zero/1.0/deed.en,"Creative Commons Zero, Public Domain Dedication",,Own work,A shrine paper on Keihan 800,2014-07-20 12:16:22,2026-09-23T09:57:56.351731+00:00,True
commons-0083,mixed,portable_object,Category:Omamori,34531560,File:Forever Tigers (2898820678).jpg,https://commons.wikimedia.org/wiki/File:Forever_Tigers_(2898820678).jpg,https://upload.wikimedia.org/wikipedia/commons/1/1c/Forever_Tigers_%282898820678%29.jpg?utm_source=commons.wikimedia.org&utm_campaign=imageinfo&utm_content=original,https://upload.wikimedia.org/wikipedia/commons/1/1c/Forever_Tigers_%282898820678%29.jpg?utm_source=commons.wikimedia.org&utm_campaign=imageinfo&utm_content=thumbnail_unscaled,image/jpeg,960,1280,akaitori,CC BY-SA 2.0,https://creativecommons.org/licenses/by-sa/2.0,Creative Commons Attribution-Share Alike 2.0,,forever Tigers: head to toe,@Namba subway station,"Taken on 22 September 2008, 15:38",2026-09-23T09:57:56.351731+00:00,True
commons-0084,mixed,portable_object,Category:Omamori,63841812,File:Mamori harai of Ise Grand Shrine.jpg,https://commons.wikimedia.org/wiki/File:Mamori_harai_of_Ise_Grand_Shrine.jpg,https://upload.wikimedia.org/wikipedia/commons/3/38/Mamori_harai_of_Ise_Grand_Shrine.jpg?utm_source=commons.wikimedia.org&utm_campaign=imageinfo&utm_content=original,https://thumb.wikimedia.org/wikipedia/commons/thumb/3/38/Mamori_harai_of_Ise_Grand_Shrine.jpg/960px-Mamori_harai_of_Ise_Grand_Shrine.jpg?utm_source=commons.wikimedia.org&utm_campaign=imageinfo&utm_content=thumbnail,image/jpeg,1644,3456,タバコはマーダー (Cigarettes are marder.),CC BY-SA 4.0,https://creativecommons.org/licenses/by-sa/4.0,Creative Commons Attribution-Share Alike 4.0,,Own work,Mamori harai of Ise Grand Shrin (Naikū). Purpose included in omamori.,2017-11-04 10:55:21,2026-09-23T09:57:56.351731+00:00,True
commons-0085,mixed,portable_object,Category:Omamori,64319753,File:DYDO 2011 (6184572897).jpg,https://commons.wikimedia.org/wiki/File:DYDO_2011_(6184572897).jpg,https://upload.wikimedia.org/wikipedia/commons/0/04/DYDO_2011_%286184572897%29.jpg?utm_source=commons.wikimedia.org&utm_campaign=imageinfo&utm_content=original,https://thumb.wikimedia.org/wikipedia/commons/thumb/0/04/DYDO_2011_%286184572897%29.jpg/960px-DYDO_2011_%286184572897%29.jpg?utm_source=commons.wikimedia.org&utm_campaign=imageinfo&utm_content=thumbnail,image/jpeg,4288,2848,"yt_siden from Tsukuba, Japan",CC BY-SA 2.0,https://creativecommons.org/licenses/by-sa/2.0,Creative Commons Attribution-Share Alike 2.0,,DSC_0008,DSC_0008,2011-09-25 09:12,2026-09-23T09:57:56.351731+00:00,True
commons-0086,mixed,portable_object,Category:Omamori,65192473,File:Jindaiji and sando (39423664801).jpg,https://commons.wikimedia.org/wiki/File:Jindaiji_and_sando_(39423664801).jpg,https://upload.wikimedia.org/wikipedia/commons/e/e3/Jindaiji_and_sando_%2839423664801%29.jpg?utm_source=commons.wikimedia.org&utm_campaign=imageinfo&utm_content=original,https://thumb.wikimedia.org/wikipedia/commons/thumb/e/e3/Jindaiji_and_sando_%2839423664801%29.jpg/960px-Jindaiji_and_sando_%2839423664801%29.jpg?utm_source=commons.wikimedia.org&utm_campaign=imageinfo&utm_content=thumbnail,image/jpeg,4608,3456,"nakashi from Chofu, Tokyo, JAPAN",CC BY-SA 2.0,https://creativecommons.org/licenses/by-sa/2.0,Creative Commons Attribution-Share Alike 2.0,,Jindaiji and sando,深大寺,2018-01-01 08:21,2026-09-23T09:57:56.351731+00:00,True
commons-0087,mixed,portable_object,Category:Omamori,65535025,File:Lucky charms on sale in Meiji Jingu shrine.jpg,https://commons.wikimedia.org/wiki/File:Lucky_charms_on_sale_in_Meiji_Jingu_shrine.jpg,https://upload.wikimedia.org/wikipedia/commons/8/8b/Lucky_charms_on_sale_in_Meiji_Jingu_shrine.jpg?utm_source=commons.wikimedia.org&utm_campaign=imageinfo&utm_content=original,https://thumb.wikimedia.org/wikipedia/commons/thumb/8/8b/Lucky_charms_on_sale_in_Meiji_Jingu_shrine.jpg/960px-Lucky_charms_on_sale_in_Meiji_Jingu_shrine.jpg?utm_source=commons.wikimedia.org&utm_campaign=imageinfo&utm_content=thumbnail,image/jpeg,3264,2448,Pocsywe,CC0,http://creativecommons.org/publicdomain/zero/1.0/deed.en,"Creative Commons Zero, Public Domain Dedication",,Own work,,14 January 2018 (according to Exif data),2026-09-23T09:57:56.351731+00:00,True
commons-0088,mixed,portable_object,Category:Omamori,69481466,File:Houinmamori 01.jpg,https://commons.wikimedia.org/wiki/File:Houinmamori_01.jpg,https://upload.wikimedia.org/wikipedia/commons/c/ce/Houinmamori_01.jpg?utm_source=commons.wikimedia.org&utm_campaign=imageinfo&utm_content=original,https://upload.wikimedia.org/wikipedia/commons/c/ce/Houinmamori_01.jpg?utm_source=commons.wikimedia.org&utm_campaign=imageinfo&utm_content=thumbnail_unscaled,image/jpeg,381,645,Dokudami,CC BY-SA 4.0,https://creativecommons.org/licenses/by-sa/4.0,Creative Commons Attribution-Share Alike 4.0,,Own work,観自在寺の宝印守,2018-05-27,2026-09-23T09:57:56.351731+00:00,True
commons-0089,mixed,portable_object,Category:Omamori,99273494,File:Keihan Sando cable interier amulet.jpg,https://commons.wikimedia.org/wiki/File:Keihan_Sando_cable_interier_amulet.jpg,https://upload.wikimedia.org/wikipedia/commons/e/ef/Keihan_Sando_cable_interier_amulet.jpg?utm_source=commons.wikimedia.org&utm_campaign=imageinfo&utm_content=original,https://thumb.wikimedia.org/wikipedia/commons/thumb/e/ef/Keihan_Sando_cable_interier_amulet.jpg/960px-Keihan_Sando_cable_interier_amulet.jpg?utm_source=commons.wikimedia.org&utm_campaign=imageinfo&utm_content=thumbnail,image/jpeg,3888,5184,さりと,CC BY-SA 4.0,https://creativecommons.org/licenses/by-sa/4.0,Creative Commons Attribution-Share Alike 4.0,,Own work,京阪石清水八幡宮参道ケーブル客車の車内に掲示されている石清水八幡宮のおまもり,2021-01-21 15:20:17,2026-09-23T09:57:56.351731+00:00,True
commons-0090,mixed,portable_object,Category:Omamori,114827679,"File:A shrine maiden distributes charms Omiya Hachimangu Shrine in Suginami, Tokyo.jpg","https://commons.wikimedia.org/wiki/File:A_shrine_maiden_distributes_charms_Omiya_Hachimangu_Shrine_in_Suginami,_Tokyo.jpg",https://upload.wikimedia.org/wikipedia/commons/1/11/A_shrine_maiden_distributes_charms_Omiya_Hachimangu_Shrine_in_Suginami%2C_Tokyo.jpg?utm_source=commons.wikimedia.org&utm_campaign=imageinfo&utm_content=original,https://upload.wikimedia.org/wikipedia/commons/1/11/A_shrine_maiden_distributes_charms_Omiya_Hachimangu_Shrine_in_Suginami%2C_Tokyo.jpg?utm_source=commons.wikimedia.org&utm_campaign=imageinfo&utm_content=thumbnail_unscaled,image/jpeg,715,953,Yukiusa,CC BY-SA 4.0,https://creativecommons.org/licenses/by-sa/4.0,Creative Commons Attribution-Share Alike 4.0,,Own work,"A shrine maiden distributes charms during the Shichigosan Pilgrimage at Omiya Hachimangu Shrine in Suginami, Tokyo.",2016-11-15,2026-09-23T09:57:56.351731+00:00,True
commons-0091,mixed,portable_object,Category:Omamori,128591939,File:Inage-sengenjinja-hellokitty.JPG,https://commons.wikimedia.org/wiki/File:Inage-sengenjinja-hellokitty.JPG,https://upload.wikimedia.org/wikipedia/commons/c/c9/Inage-sengenjinja-hellokitty.JPG?utm_source=commons.wikimedia.org&utm_campaign=imageinfo&utm_content=original,https://thumb.wikimedia.org/wikipedia/commons/thumb/c/c9/Inage-sengenjinja-hellokitty.JPG/960px-Inage-sengenjinja-hellokitty.JPG?utm_source=commons.wikimedia.org&utm_campaign=imageinfo&utm_content=thumbnail,image/jpeg,1024,768,猫スキー,CC BY-SA 3.0,https://creativecommons.org/licenses/by-sa/3.0,Creative Commons Attribution-Share Alike 3.0,,アップロード者撮影,ハローキティのお守り,2011-01-29,2026-09-23T09:57:56.351731+00:00,True
commons-0092,mixed,portable_object,Category:Omamori,147363046,File:20240414 Kokujinjya Omamori.jpg,https://commons.wikimedia.org/wiki/File:20240414_Kokujinjya_Omamori.jpg,https://upload.wikimedia.org/wikipedia/commons/7/77/20240414_Kokujinjya_Omamori.jpg?utm_source=commons.wikimedia.org&utm_campaign=imageinfo&utm_content=original,https://thumb.wikimedia.org/wikipedia/commons/thumb/7/77/20240414_Kokujinjya_Omamori.jpg/960px-20240414_Kokujinjya_Omamori.jpg?utm_source=commons.wikimedia.org&utm_campaign=imageinfo&utm_content=thumbnail,image/jpeg,3000,2475,Hiyokochan08mar,CC BY-SA 4.0,https://creativecommons.org/licenses/by-sa/4.0,Creative Commons Attribution-Share Alike 4.0,,Own work,航空神社の御守,2024-04-14,2026-09-23T09:57:56.351731+00:00,True
commons-0093,mixed,portable_object,Category:Omamori,150839415,File:Hiromine Shrine Omamori displayed in Sakurajima.jpg,https://commons.wikimedia.org/wiki/File:Hiromine_Shrine_Omamori_displayed_in_Sakurajima.jpg,https://upload.wikimedia.org/wikipedia/commons/a/a9/Hiromine_Shrine_Omamori_displayed_in_Sakurajima.jpg?utm_source=commons.wikimedia.org&utm_campaign=imageinfo&utm_content=original,https://thumb.wikimedia.org/wikipedia/commons/thumb/a/a9/Hiromine_Shrine_Omamori_displayed_in_Sakurajima.jpg/960px-Hiromine_Shrine_Omamori_displayed_in_Sakurajima.jpg?utm_source=commons.wikimedia.org&utm_campaign=imageinfo&utm_content=thumbnail,image/jpeg,3024,4032,Immanuelle,CC BY 4.0,https://creativecommons.org/licenses/by/4.0,Creative Commons Attribution 4.0,,Own work,Hiromine Shrine Omamori displayed in Sakurajima,2024-05-29 17:11:27,2026-09-23T09:57:56.351731+00:00,True
commons-0094,mixed,portable_object,Category:Omamori,156461221,File:August 2009 Nara tourism -38976.jpeg,https://commons.wikimedia.org/wiki/File:August_2009_Nara_tourism_-38976.jpeg,https://upload.wikimedia.org/wikipedia/commons/6/6c/August_2009_Nara_tourism_-38976.jpeg?utm_source=commons.wikimedia.org&utm_campaign=imageinfo&utm_content=original,https://thumb.wikimedia.org/wikipedia/commons/thumb/6/6c/August_2009_Nara_tourism_-38976.jpeg/960px-August_2009_Nara_tourism_-38976.jpeg?utm_source=commons.wikimedia.org&utm_campaign=imageinfo&utm_content=thumbnail,image/jpeg,1600,1200,Syced,CC0,http://creativecommons.org/publicdomain/zero/1.0/deed.en,"Creative Commons Zero, Public Domain Dedication",,Own work,August 2009 Nara tourism,6 August 2009 (according to Exif data),2026-09-23T09:57:56.351731+00:00,True
commons-0095,mixed,textual_object,Category:Omikuji,18148586,File:HK Shatin 沙田 車公廟 Che Kung Miu Temple 講解簽文處 Fortune stick readers' office shops visitors Feb-2010.jpg,https://commons.wikimedia.org/wiki/File:HK_Shatin_%E6%B2%99%E7%94%B0_%E8%BB%8A%E5%85%AC%E5%BB%9F_Che_Kung_Miu_Temple_%E8%AC%9B%E8%A7%A3%E7%B0%BD%E6%96%87%E8%99%95_Fortune_stick_readers%27_office_shops_visitors_Feb-2010.jpg,https://upload.wikimedia.org/wikipedia/commons/0/0f/HK_Shatin_%E6%B2%99%E7%94%B0_%E8%BB%8A%E5%85%AC%E5%BB%9F_Che_Kung_Miu_Temple_%E8%AC%9B%E8%A7%A3%E7%B0%BD%E6%96%87%E8%99%95_Fortune_stick_readers%27_office_shops_visitors_Feb-2010.jpg?utm_source=commons.wikimedia.org&utm_campaign=imageinfo&utm_content=original,https://thumb.wikimedia.org/wikipedia/commons/thumb/0/0f/HK_Shatin_%E6%B2%99%E7%94%B0_%E8%BB%8A%E5%85%AC%E5%BB%9F_Che_Kung_Miu_Temple_%E8%AC%9B%E8%A7%A3%E7%B0%BD%E6%96%87%E8%99%95_Fortune_stick_readers%27_office_shops_visitors_Feb-2010.jpg/960px-HK_Shatin_%E6%B2%99%E7%94%B0_%E8%BB%8A%E5%85%AC%E5%BB%9F_Che_Kung_Miu_Temple_%E8%AC%9B%E8%A7%A3%E7%B0%BD%E6%96%87%E8%99%95_Fortune_stick_readers%27_office_shops_visitors_Feb-2010.jpg?utm_source=commons.wikimedia.org&utm_campaign=imageinfo&utm_content=thumbnail,image/jpeg,3264,2448,Hufoungaow,CC BY-SA 3.0,https://creativecommons.org/licenses/by-sa/3.0,Creative Commons Attribution-Share Alike 3.0,,Own work,​ zh:沙田區 zh:大圍 車公廟,2010-02-15,2026-09-23T09:57:56.351731+00:00,True
commons-0096,mixed,textual_object,Category:Omikuji,23651543,File:Hanazono-jinja Shinjuku fortunes.jpg,https://commons.wikimedia.org/wiki/File:Hanazono-jinja_Shinjuku_fortunes.jpg,https://upload.wikimedia.org/wikipedia/commons/a/a1/Hanazono-jinja_Shinjuku_fortunes.jpg?utm_source=commons.wikimedia.org&utm_campaign=imageinfo&utm_content=original,https://thumb.wikimedia.org/wikipedia/commons/thumb/a/a1/Hanazono-jinja_Shinjuku_fortunes.jpg/960px-Hanazono-jinja_Shinjuku_fortunes.jpg?utm_source=commons.wikimedia.org&utm_campaign=imageinfo&utm_content=thumbnail,image/jpeg,5000,3089,Jkg2,CC BY-SA 3.0,https://creativecommons.org/licenses/by-sa/3.0,Creative Commons Attribution-Share Alike 3.0,,photograph by John K. Goodman,Fortunes tied to the stair railings at Hanazono-jinja Shinjuku 花園神社 on New years Day 2013,2013-01-01,2026-09-23T09:57:56.351731+00:00,True
commons-0097,mixed,textual_object,Category:Omikuji,30424901,File:Iwamizawa-Shrine Omikuji.JPG,https://commons.wikimedia.org/wiki/File:Iwamizawa-Shrine_Omikuji.JPG,https://upload.wikimedia.org/wikipedia/commons/e/e9/Iwamizawa-Shrine_Omikuji.JPG?utm_source=commons.wikimedia.org&utm_campaign=imageinfo&utm_content=original,https://thumb.wikimedia.org/wikipedia/commons/thumb/e/e9/Iwamizawa-Shrine_Omikuji.JPG/960px-Iwamizawa-Shrine_Omikuji.JPG?utm_source=commons.wikimedia.org&utm_campaign=imageinfo&utm_content=thumbnail,image/jpeg,2320,4128,SelEle-MS,CC BY-SA 3.0,https://creativecommons.org/licenses/by-sa/3.0,Creative Commons Attribution-Share Alike 3.0,,Own work,​おみくじ（岩見沢神社）,2014-01-01 18:21:33,2026-09-23T09:57:56.351731+00:00,True
commons-0098,mixed,textual_object,Category:Omikuji,31403253,File:Birthday Horoscopes.jpg,https://commons.wikimedia.org/wiki/File:Birthday_Horoscopes.jpg,https://upload.wikimedia.org/wikipedia/commons/2/29/Birthday_Horoscopes.jpg?utm_source=commons.wikimedia.org&utm_campaign=imageinfo&utm_content=original,https://upload.wikimedia.org/wikipedia/commons/2/29/Birthday_Horoscopes.jpg?utm_source=commons.wikimedia.org&utm_campaign=imageinfo&utm_content=thumbnail_unscaled,image/jpeg,612,612,Yuko Honda,CC BY-SA 2.0,https://creativecommons.org/licenses/by-sa/2.0,Creative Commons Attribution-Share Alike 2.0,,Flickr : a stand of your fortune. あなたの運勢。,other,2012-01-04 01:06:10,2026-09-23T09:57:56.351731+00:00,True
commons-0099,mixed,textual_object,Category:Omikuji,37687296,File:0410 Shrine - panoramio.jpg,https://commons.wikimedia.org/wiki/File:0410_Shrine_-_panoramio.jpg,https://upload.wikimedia.org/wikipedia/commons/8/8f/0410_Shrine_-_panoramio.jpg?utm_source=commons.wikimedia.org&utm_campaign=imageinfo&utm_content=original,https://thumb.wikimedia.org/wikipedia/commons/thumb/8/8f/0410_Shrine_-_panoramio.jpg/960px-0410_Shrine_-_panoramio.jpg?utm_source=commons.wikimedia.org&utm_campaign=imageinfo&utm_content=thumbnail,image/jpeg,2592,1944,Roman Suzuki,CC BY 3.0,https://creativecommons.org/licenses/by/3.0,Creative Commons Attribution 3.0,Roman Suzuki,https://web.archive.org/web/20161012003411/http://www.panoramio.com/photo/1787551,"Asahi Shrine(Nishiki 3-chome, Naka-ku, Nagoya)",Taken on 14 April 2007,2026-09-23T09:57:56.351731+00:00,True
commons-0100,mixed,textual_object,Category:Omikuji,53390151,File:(栃木県) 関東三大師のひとつ、佐野厄除大師にて。おみくじを結んで、神様との縁を結んでいます。佐野厄除大師は、お - panoramio.jpg,https://commons.wikimedia.org/wiki/File:(%E6%A0%83%E6%9C%A8%E7%9C%8C)_%E9%96%A2%E6%9D%B1%E4%B8%89%E5%A4%A7%E5%B8%AB%E3%81%AE%E3%81%B2%E3%81%A8%E3%81%A4%E3%80%81%E4%BD%90%E9%87%8E%E5%8E%84%E9%99%A4%E5%A4%A7%E5%B8%AB%E3%81%AB%E3%81%A6%E3%80%82%E3%81%8A%E3%81%BF%E3%81%8F%E3%81%98%E3%82%92%E7%B5%90%E3%82%93%E3%81%A7%E3%80%81%E7%A5%9E%E6%A7%98%E3%81%A8%E3%81%AE%E7%B8%81%E3%82%92%E7%B5%90%E3%82%93%E3%81%A7%E3%81%84%E3%81%BE%E3%81%99%E3%80%82%E4%BD%90%E9%87%8E%E5%8E%84%E9%99%A4%E5%A4%A7%E5%B8%AB%E3%81%AF%E3%80%81%E3%81%8A_-_panoramio.jpg,https://upload.wikimedia.org/wikipedia/commons/6/60/%28%E6%A0%83%E6%9C%A8%E7%9C%8C%29_%E9%96%A2%E6%9D%B1%E4%B8%89%E5%A4%A7%E5%B8%AB%E3%81%AE%E3%81%B2%E3%81%A8%E3%81%A4%E3%80%81%E4%BD%90%E9%87%8E%E5%8E%84%E9%99%A4%E5%A4%A7%E5%B8%AB%E3%81%AB%E3%81%A6%E3%80%82%E3%81%8A%E3%81%BF%E3%81%8F%E3%81%98%E3%82%92%E7%B5%90%E3%82%93%E3%81%A7%E3%80%81%E7%A5%9E%E6%A7%98%E3%81%A8%E3%81%AE%E7%B8%81%E3%82%92%E7%B5%90%E3%82%93%E3%81%A7%E3%81%84%E3%81%BE%E3%81%99%E3%80%82%E4%BD%90%E9%87%8E%E5%8E%84%E9%99%A4%E5%A4%A7%E5%B8%AB%E3%81%AF%E3%80%81%E3%81%8A_-_panoramio.jpg?utm_source=commons.wikimedia.org&utm_campaign=imageinfo&utm_content=original,https://thumb.wikimedia.org/wikipedia/commons/thumb/6/60/%28%E6%A0%83%E6%9C%A8%E7%9C%8C%29_%E9%96%A2%E6%9D%B1%E4%B8%89%E5%A4%A7%E5%B8%AB%E3%81%AE%E3%81%B2%E3%81%A8%E3%81%A4%E3%80%81%E4%BD%90%E9%87%8E%E5%8E%84%E9%99%A4%E5%A4%A7%E5%B8%AB%E3%81%AB%E3%81%A6%E3%80%82%E3%81%8A%E3%81%BF%E3%81%8F%E3%81%98%E3%82%92%E7%B5%90%E3%82%93%E3%81%A7%E3%80%81%E7%A5%9E%E6%A7%98%E3%81%A8%E3%81%AE%E7%B8%81%E3%82%92%E7%B5%90%E3%82%93%E3%81%A7%E3%81%84%E3%81%BE%E3%81%99%E3%80%82%E4%BD%90%E9%87%8E%E5%8E%84%E9%99%A4%E5%A4%A7%E5%B8%AB%E3%81%AF%E3%80%81%E3%81%8A_-_panoramio.jpg/960px-thumbnail.jpg?utm_source=commons.wikimedia.org&utm_campaign=imageinfo&utm_content=thumbnail,image/jpeg,1600,1065,Shift,CC BY-SA 3.0,https://creativecommons.org/licenses/by-sa/3.0,Creative Commons Attribution-Share Alike 3.0,Shift,https://web.archive.org/web/20161022095621/http://www.panoramio.com/photo/51770365,[栃木県] 関東三大師のひとつ、佐野厄除大師にて。おみくじを結んで、神様との縁を結んでいます。佐野厄除大師は、おみくじ自体がカラフルな筒に入っているため、結び付けの場所もカラフルでした。,Taken on 5 March 2011,2026-09-23T09:57:56.351731+00:00,True
commons-0101,mixed,textual_object,Category:Omikuji,53746211,File:Japan 140416 Nikko 06.jpg,https://commons.wikimedia.org/wiki/File:Japan_140416_Nikko_06.jpg,https://upload.wikimedia.org/wikipedia/commons/a/ae/Japan_140416_Nikko_06.jpg?utm_source=commons.wikimedia.org&utm_campaign=imageinfo&utm_content=original,https://thumb.wikimedia.org/wikipedia/commons/thumb/a/ae/Japan_140416_Nikko_06.jpg/960px-Japan_140416_Nikko_06.jpg?utm_source=commons.wikimedia.org&utm_campaign=imageinfo&utm_content=thumbnail,image/jpeg,1333,2000,Oren Rozen,CC BY-SA 4.0,https://creativecommons.org/licenses/by-sa/4.0,Creative Commons Attribution-Share Alike 4.0,,Own work,"Omikuji near statue of a lion at the Futarasan Shrine, Nikko, Japan",2016-04-14 14:36:12,2026-09-23T09:57:56.351731+00:00,True
commons-0102,mixed,textual_object,Category:Omikuji,57598745,File:Fortunes (4173047273).jpg,https://commons.wikimedia.org/wiki/File:Fortunes_(4173047273).jpg,https://upload.wikimedia.org/wikipedia/commons/8/8c/Fortunes_%284173047273%29.jpg?utm_source=commons.wikimedia.org&utm_campaign=imageinfo&utm_content=original,https://thumb.wikimedia.org/wikipedia/commons/thumb/8/8c/Fortunes_%284173047273%29.jpg/960px-Fortunes_%284173047273%29.jpg?utm_source=commons.wikimedia.org&utm_campaign=imageinfo&utm_content=thumbnail,image/jpeg,5184,3456,KimonBerlin,CC BY-SA 2.0,https://creativecommons.org/licenses/by-sa/2.0,Creative Commons Attribution-Share Alike 2.0,,https://www.flickr.com/photos/kimon/4173047273/,Fortunes,2009-11-19 11:53:18,2026-09-23T09:57:56.351731+00:00,True
commons-0103,mixed,textual_object,Category:Omikuji,65192325,File:Aoi Jinjya shrine (38549922785).jpg,https://commons.wikimedia.org/wiki/File:Aoi_Jinjya_shrine_(38549922785).jpg,https://upload.wikimedia.org/wikipedia/commons/b/b3/Aoi_Jinjya_shrine_%2838549922785%29.jpg?utm_source=commons.wikimedia.org&utm_campaign=imageinfo&utm_content=original,https://thumb.wikimedia.org/wikipedia/commons/thumb/b/b3/Aoi_Jinjya_shrine_%2838549922785%29.jpg/960px-Aoi_Jinjya_shrine_%2838549922785%29.jpg?utm_source=commons.wikimedia.org&utm_campaign=imageinfo&utm_content=thumbnail,image/jpeg,2448,3264,"nakashi from Chofu, Tokyo, JAPAN",CC BY-SA 2.0,https://creativecommons.org/licenses/by-sa/2.0,Creative Commons Attribution-Share Alike 2.0,,Aoi Jinjya shrine,青渭神社,"Taken on 1 January 2018, 08:56",2026-09-23T09:57:56.351731+00:00,True
commons-0104,mixed,textual_object,Category:Omikuji,65192433,File:Aoi Jinjya shrine (24557942197).jpg,https://commons.wikimedia.org/wiki/File:Aoi_Jinjya_shrine_(24557942197).jpg,https://upload.wikimedia.org/wikipedia/commons/b/bc/Aoi_Jinjya_shrine_%2824557942197%29.jpg?utm_source=commons.wikimedia.org&utm_campaign=imageinfo&utm_content=original,https://thumb.wikimedia.org/wikipedia/commons/thumb/b/bc/Aoi_Jinjya_shrine_%2824557942197%29.jpg/960px-Aoi_Jinjya_shrine_%2824557942197%29.jpg?utm_source=commons.wikimedia.org&utm_campaign=imageinfo&utm_content=thumbnail,image/jpeg,4608,3456,"nakashi from Chofu, Tokyo, JAPAN",CC BY-SA 2.0,https://creativecommons.org/licenses/by-sa/2.0,Creative Commons Attribution-Share Alike 2.0,,Aoi Jinjya shrine,青渭神社,"Taken on 1 January 2018, 08:57",2026-09-23T09:57:56.351731+00:00,True
commons-0105,mixed,textual_object,Category:Omikuji,74585128,File:Fortune (31993880298).jpg,https://commons.wikimedia.org/wiki/File:Fortune_(31993880298).jpg,https://upload.wikimedia.org/wikipedia/commons/d/de/Fortune_%2831993880298%29.jpg?utm_source=commons.wikimedia.org&utm_campaign=imageinfo&utm_content=original,https://thumb.wikimedia.org/wikipedia/commons/thumb/d/de/Fortune_%2831993880298%29.jpg/960px-Fortune_%2831993880298%29.jpg?utm_source=commons.wikimedia.org&utm_campaign=imageinfo&utm_content=thumbnail,image/jpeg,6000,4000,"Benh LIEU SONG from Torcy, France",CC BY-SA 2.0,https://creativecommons.org/licenses/by-sa/2.0,Creative Commons Attribution-Share Alike 2.0,,Fortune,"Opened drawer containing a pile of fortune papers, in Sensō-Ji temple, Asakusa, Tokyo, Japan. Which drawer to pick up the fortune from is decided after shaking a box and a stick comes out of it, with the character designating the drawer.",2018-10-10 16:04,2026-09-23T09:57:56.351731+00:00,True
commons-0106,mixed,textual_object,Category:Omikuji,74819260,File:Japan Fortunes (13942162802).jpg,https://commons.wikimedia.org/wiki/File:Japan_Fortunes_(13942162802).jpg,https://upload.wikimedia.org/wikipedia/commons/8/8f/Japan_Fortunes_%2813942162802%29.jpg?utm_source=commons.wikimedia.org&utm_campaign=imageinfo&utm_content=original,https://thumb.wikimedia.org/wikipedia/commons/thumb/8/8f/Japan_Fortunes_%2813942162802%29.jpg/960px-Japan_Fortunes_%2813942162802%29.jpg?utm_source=commons.wikimedia.org&utm_campaign=imageinfo&utm_content=thumbnail,image/jpeg,5401,3601,Yiannis Theologos Michellis,CC0,http://creativecommons.org/publicdomain/zero/1.0/deed.en,"Creative Commons Zero, Public Domain Dedication",,Fortunes,Fortunes,2014-04-01 07:23,2026-09-23T09:57:56.351731+00:00,True
commons-0107,mixed,textual_object,Category:Omikuji,98808948,File:FujisanSimomiyaOmurosengenJinja Mikuji.jpg,https://commons.wikimedia.org/wiki/File:FujisanSimomiyaOmurosengenJinja_Mikuji.jpg,https://upload.wikimedia.org/wikipedia/commons/f/fb/FujisanSimomiyaOmurosengenJinja_Mikuji.jpg?utm_source=commons.wikimedia.org&utm_campaign=imageinfo&utm_content=original,https://thumb.wikimedia.org/wikipedia/commons/thumb/f/fb/FujisanSimomiyaOmurosengenJinja_Mikuji.jpg/960px-FujisanSimomiyaOmurosengenJinja_Mikuji.jpg?utm_source=commons.wikimedia.org&utm_campaign=imageinfo&utm_content=thumbnail,image/jpeg,4032,3024,Yatukiyurei,CC BY-SA 4.0,https://creativecommons.org/licenses/by-sa/4.0,Creative Commons Attribution-Share Alike 4.0,,Own work,​冨士山下宮小室浅間神社受付で神籤を奉製する巫女,2021-01-13,2026-09-23T09:57:56.351731+00:00,True
commons-0108,mixed,textual_object,Category:Omikuji,115147146,File:2016-01-02 Omikuji.jpg,https://commons.wikimedia.org/wiki/File:2016-01-02_Omikuji.jpg,https://upload.wikimedia.org/wikipedia/commons/c/cc/2016-01-02_Omikuji.jpg?utm_source=commons.wikimedia.org&utm_campaign=imageinfo&utm_content=original,https://thumb.wikimedia.org/wikipedia/commons/thumb/c/cc/2016-01-02_Omikuji.jpg/960px-2016-01-02_Omikuji.jpg?utm_source=commons.wikimedia.org&utm_campaign=imageinfo&utm_content=thumbnail,image/jpeg,3024,4032,Shinji,CC BY 2.0,https://creativecommons.org/licenses/by/2.0,Creative Commons Attribution 2.0,,https://www.flickr.com/photos/cinz/23826553560/,Omikuji,2016-01-02 15:09:44,2026-09-23T09:57:56.351731+00:00,True
commons-0109,mixed,textual_object,Category:Omikuji,130090708,File:Aoshima 20200920174514 (50828245673).jpg,https://commons.wikimedia.org/wiki/File:Aoshima_20200920174514_(50828245673).jpg,https://upload.wikimedia.org/wikipedia/commons/4/46/Aoshima_20200920174514_%2850828245673%29.jpg?utm_source=commons.wikimedia.org&utm_campaign=imageinfo&utm_content=original,https://thumb.wikimedia.org/wikipedia/commons/thumb/4/46/Aoshima_20200920174514_%2850828245673%29.jpg/960px-Aoshima_20200920174514_%2850828245673%29.jpg?utm_source=commons.wikimedia.org&utm_campaign=imageinfo&utm_content=thumbnail,image/jpeg,4032,3024,inunami,CC BY 2.0,https://creativecommons.org/licenses/by/2.0,Creative Commons Attribution 2.0,,aoshima_20200920174514,aoshima_20200920174514,2020-09-20 17:45,2026-09-23T09:57:56.351731+00:00,True
commons-0110,mixed,textual_object,Category:Omikuji,130094287,File:Izu 20190812132046 (49843208767).jpg,https://commons.wikimedia.org/wiki/File:Izu_20190812132046_(49843208767).jpg,https://upload.wikimedia.org/wikipedia/commons/4/4e/Izu_20190812132046_%2849843208767%29.jpg?utm_source=commons.wikimedia.org&utm_campaign=imageinfo&utm_content=original,https://thumb.wikimedia.org/wikipedia/commons/thumb/4/4e/Izu_20190812132046_%2849843208767%29.jpg/960px-Izu_20190812132046_%2849843208767%29.jpg?utm_source=commons.wikimedia.org&utm_campaign=imageinfo&utm_content=thumbnail,image/jpeg,3264,2448,inunami,CC BY 2.0,https://creativecommons.org/licenses/by/2.0,Creative Commons Attribution 2.0,,izu_20190812132046,izu_20190812132046,2019-08-12 13:20,2026-09-23T09:57:56.351731+00:00,True
commons-0111,mixed,textual_object,Category:Omikuji,151919641,"File:Japan, couple at New Year’s Day.jpg","https://commons.wikimedia.org/wiki/File:Japan,_couple_at_New_Year%E2%80%99s_Day.jpg",https://upload.wikimedia.org/wikipedia/commons/b/bc/Japan%2C_couple_at_New_Year%E2%80%99s_Day.jpg?utm_source=commons.wikimedia.org&utm_campaign=imageinfo&utm_content=original,https://thumb.wikimedia.org/wikipedia/commons/thumb/b/bc/Japan%2C_couple_at_New_Year%E2%80%99s_Day.jpg/960px-Japan%2C_couple_at_New_Year%E2%80%99s_Day.jpg?utm_source=commons.wikimedia.org&utm_campaign=imageinfo&utm_content=thumbnail,image/jpeg,4979,3381,Marie-Sophie Mejan,CC BY 4.0,https://creativecommons.org/licenses/by/4.0,Creative Commons Attribution 4.0,,Self-scanned,"photographs taken during our trip, April 1985, by Trans-Siberia Express from Hoek van Holland with a stopover in Moskou, to Nachodka at the easternmost border of the then USSR. By ship to Japan, by underground to our first stay in a tempel in the vicinity of Tokyo. From Tokyo with two sponsored Kawasaki motorbikes we traveled to the west, Kyushu, and to the north, Hokkaido.","circa 1985 date QS:P,+1985-00-00T00:00:00Z/9,P1480,Q5727902",2026-09-23T09:57:56.351731+00:00,True
commons-0112,mixed,textual_object,Category:Omikuji,152289931,File:Japan 2024-05-02 (53893040988).jpg,https://commons.wikimedia.org/wiki/File:Japan_2024-05-02_(53893040988).jpg,https://upload.wikimedia.org/wikipedia/commons/9/9f/Japan_2024-05-02_%2853893040988%29.jpg?utm_source=commons.wikimedia.org&utm_campaign=imageinfo&utm_content=original,https://thumb.wikimedia.org/wikipedia/commons/thumb/9/9f/Japan_2024-05-02_%2853893040988%29.jpg/960px-Japan_2024-05-02_%2853893040988%29.jpg?utm_source=commons.wikimedia.org&utm_campaign=imageinfo&utm_content=thumbnail,image/jpeg,4040,6064,"Maarten Heerlien from Voorschoten, The Netherlands",CC BY 2.0,https://creativecommons.org/licenses/by/2.0,Creative Commons Attribution 2.0,,Japan_20240502_DSC2577,おみくじのトンネル。石浦神社。金沢市。,2024-05-02 15:57,2026-09-23T09:57:56.351731+00:00,True
commons-0113,mixed,purification_installation,Category:Chōzuya,73948,File:Chozubachi.jpg,https://commons.wikimedia.org/wiki/File:Chozubachi.jpg,https://upload.wikimedia.org/wikipedia/commons/0/0f/Chozubachi.jpg?utm_source=commons.wikimedia.org&utm_campaign=imageinfo&utm_content=original,https://thumb.wikimedia.org/wikipedia/commons/thumb/0/0f/Chozubachi.jpg/960px-Chozubachi.jpg?utm_source=commons.wikimedia.org&utm_campaign=imageinfo&utm_content=thumbnail,image/jpeg,1024,768,,CC BY-SA 3.0,http://creativecommons.org/licenses/by-sa/3.0/,Creative Commons Attribution-Share Alike 3.0,,,,,2026-09-23T09:57:56.351731+00:00,True
commons-0114,mixed,purification_installation,Category:Chōzuya,10825556,File:Chozuya at Asuka Shrine.jpg,https://commons.wikimedia.org/wiki/File:Chozuya_at_Asuka_Shrine.jpg,https://upload.wikimedia.org/wikipedia/commons/1/14/Chozuya_at_Asuka_Shrine.jpg?utm_source=commons.wikimedia.org&utm_campaign=imageinfo&utm_content=original,https://thumb.wikimedia.org/wikipedia/commons/thumb/1/14/Chozuya_at_Asuka_Shrine.jpg/960px-Chozuya_at_Asuka_Shrine.jpg?utm_source=commons.wikimedia.org&utm_campaign=imageinfo&utm_content=thumbnail,image/jpeg,4272,2848,663highland,CC BY 2.5,https://creativecommons.org/licenses/by/2.5,Creative Commons Attribution 2.5,,Own work,"Asukaniimasu-jinja in Asuka , Nara Prefecture , Japan .",2010-05-29,2026-09-23T09:57:56.351731+00:00,True
commons-0115,mixed,purification_installation,Category:Chōzuya,24491396,File:Chozubachi Sakurai DSCN2184 20110507.JPG,https://commons.wikimedia.org/wiki/File:Chozubachi_Sakurai_DSCN2184_20110507.JPG,https://upload.wikimedia.org/wikipedia/commons/1/1b/Chozubachi_Sakurai_DSCN2184_20110507.JPG?utm_source=commons.wikimedia.org&utm_campaign=imageinfo&utm_content=original,https://thumb.wikimedia.org/wikipedia/commons/thumb/1/1b/Chozubachi_Sakurai_DSCN2184_20110507.JPG/960px-Chozubachi_Sakurai_DSCN2184_20110507.JPG?utm_source=commons.wikimedia.org&utm_campaign=imageinfo&utm_content=thumbnail,image/jpeg,1536,2048,Ogiyoshisan,Public domain,,Public domain,,Own work,"Chōzubachi in ""Sakurai-eki-ato"" (National historic sites of Japan) , Shimamoto, Osaka . taken in 2011.",2011-05-07,2026-09-23T09:57:56.351731+00:00,True
commons-0116,mixed,purification_installation,Category:Chōzuya,55541184,File:Chozuya at Hokoji Shrine.jpg,https://commons.wikimedia.org/wiki/File:Chozuya_at_Hokoji_Shrine.jpg,https://upload.wikimedia.org/wikipedia/commons/7/73/Chozuya_at_Hokoji_Shrine.jpg?utm_source=commons.wikimedia.org&utm_campaign=imageinfo&utm_content=original,https://thumb.wikimedia.org/wikipedia/commons/thumb/7/73/Chozuya_at_Hokoji_Shrine.jpg/960px-Chozuya_at_Hokoji_Shrine.jpg?utm_source=commons.wikimedia.org&utm_campaign=imageinfo&utm_content=thumbnail,image/jpeg,6000,4000,さかおり,CC BY-SA 4.0,https://creativecommons.org/licenses/by-sa/4.0,Creative Commons Attribution-Share Alike 4.0,,Own work,Chozuya at Hokoji Shrine,2017-01-28 11:45:47,2026-09-23T09:57:56.351731+00:00,True
commons-0117,mixed,purification_installation,Category:Chōzuya,69910458,"File:Basin - Enoshima, Japan - DSC07851.jpg","https://commons.wikimedia.org/wiki/File:Basin_-_Enoshima,_Japan_-_DSC07851.jpg",https://upload.wikimedia.org/wikipedia/commons/9/91/Basin_-_Enoshima%2C_Japan_-_DSC07851.jpg?utm_source=commons.wikimedia.org&utm_campaign=imageinfo&utm_content=original,https://thumb.wikimedia.org/wikipedia/commons/thumb/9/91/Basin_-_Enoshima%2C_Japan_-_DSC07851.jpg/960px-Basin_-_Enoshima%2C_Japan_-_DSC07851.jpg?utm_source=commons.wikimedia.org&utm_campaign=imageinfo&utm_content=thumbnail,image/jpeg,3628,5039,Daderot,CC0,http://creativecommons.org/publicdomain/zero/1.0/deed.en,"Creative Commons Zero, Public Domain Dedication",,Own work,"Enoshima, Japan.",2017-07-31 22:49:30,2026-09-23T09:57:56.351731+00:00,True
commons-0118,mixed,purification_installation,Category:Chōzuya,71723304,File:At a chōzuya near Sensoji.jpg,https://commons.wikimedia.org/wiki/File:At_a_ch%C5%8Dzuya_near_Sensoji.jpg,https://upload.wikimedia.org/wikipedia/commons/7/71/At_a_ch%C5%8Dzuya_near_Sensoji.jpg?utm_source=commons.wikimedia.org&utm_campaign=imageinfo&utm_content=original,https://thumb.wikimedia.org/wikipedia/commons/thumb/7/71/At_a_ch%C5%8Dzuya_near_Sensoji.jpg/960px-At_a_ch%C5%8Dzuya_near_Sensoji.jpg?utm_source=commons.wikimedia.org&utm_campaign=imageinfo&utm_content=thumbnail,image/jpeg,1920,1080,Dquai,CC BY-SA 4.0,https://creativecommons.org/licenses/by-sa/4.0,Creative Commons Attribution-Share Alike 4.0,,Own work,​手水舍，淺草寺附近。,2007-02-14 09:34:13,2026-09-23T09:57:56.351731+00:00,True
commons-0119,mixed,purification_installation,Category:Chōzuya,76115401,File:Chouzu.jpg,https://commons.wikimedia.org/wiki/File:Chouzu.jpg,https://upload.wikimedia.org/wikipedia/commons/6/6b/Chouzu.jpg?utm_source=commons.wikimedia.org&utm_campaign=imageinfo&utm_content=original,https://thumb.wikimedia.org/wikipedia/commons/thumb/6/6b/Chouzu.jpg/960px-Chouzu.jpg?utm_source=commons.wikimedia.org&utm_campaign=imageinfo&utm_content=thumbnail,image/jpeg,996,1515,Unknown author Unknown author,Public domain,,Public domain,,"""Letters from Japan"" by Mrs. Hugh Fraser, New York, The Macmillan company; London, Macmillan & co., ltd.. 1904",手水 明治時代,1904,2026-09-23T09:57:56.351731+00:00,True
commons-0120,mixed,purification_installation,Category:Chōzuya,114685080,"File:021 Boy performs Shinto ritual purification at chozubachi water bowl in Arashiyama, Kyoto.jpg","https://commons.wikimedia.org/wiki/File:021_Boy_performs_Shinto_ritual_purification_at_chozubachi_water_bowl_in_Arashiyama,_Kyoto.jpg",https://upload.wikimedia.org/wikipedia/commons/1/1c/021_Boy_performs_Shinto_ritual_purification_at_chozubachi_water_bowl_in_Arashiyama%2C_Kyoto.jpg?utm_source=commons.wikimedia.org&utm_campaign=imageinfo&utm_content=original,https://thumb.wikimedia.org/wikipedia/commons/thumb/1/1c/021_Boy_performs_Shinto_ritual_purification_at_chozubachi_water_bowl_in_Arashiyama%2C_Kyoto.jpg/960px-021_Boy_performs_Shinto_ritual_purification_at_chozubachi_water_bowl_in_Arashiyama%2C_Kyoto.jpg?utm_source=commons.wikimedia.org&utm_campaign=imageinfo&utm_content=thumbnail,image/jpeg,3504,2336,Marek Ślusarczyk ( Tupungato ) Photo portfolio,CC BY 3.0,https://creativecommons.org/licenses/by/3.0,Creative Commons Attribution 3.0,Marek Slusarczyk,Own work,"Boy performs a Shinto tradition purification ritual at chozubachi water bowl of Tenryū-ji (Tenryuji) temple gardens with autumn trees in Arashiyama, Japan.",2016-11-25,2026-09-23T09:57:56.351731+00:00,True
commons-0121,mixed,purification_installation,Category:Chōzuya,114685098,File:Chozubachi chozuya water purification in Shinto shrine in Japan.jpg,https://commons.wikimedia.org/wiki/File:Chozubachi_chozuya_water_purification_in_Shinto_shrine_in_Japan.jpg,https://upload.wikimedia.org/wikipedia/commons/f/fb/Chozubachi_chozuya_water_purification_in_Shinto_shrine_in_Japan.jpg?utm_source=commons.wikimedia.org&utm_campaign=imageinfo&utm_content=original,https://thumb.wikimedia.org/wikipedia/commons/thumb/f/fb/Chozubachi_chozuya_water_purification_in_Shinto_shrine_in_Japan.jpg/960px-Chozubachi_chozuya_water_purification_in_Shinto_shrine_in_Japan.jpg?utm_source=commons.wikimedia.org&utm_campaign=imageinfo&utm_content=thumbnail,image/jpeg,2336,2336,Marek Ślusarczyk ( Tupungato ) Photo portfolio,CC BY 3.0,https://creativecommons.org/licenses/by/3.0,Creative Commons Attribution 3.0,Marek Slusarczyk,Own work,"Boy performs a Shinto tradition purification ritual at chozubachi water bowl of Tenryū-ji (Tenryuji) temple gardens with autumn trees in Arashiyama, Japan.",2016-11-25,2026-09-23T09:57:56.351731+00:00,True
commons-0122,mixed,purification_installation,Category:Chōzuya,119546705,File:Bassin d'ablution.jpg,https://commons.wikimedia.org/wiki/File:Bassin_d%27ablution.jpg,https://upload.wikimedia.org/wikipedia/commons/2/28/Bassin_d%27ablution.jpg?utm_source=commons.wikimedia.org&utm_campaign=imageinfo&utm_content=original,https://thumb.wikimedia.org/wikipedia/commons/thumb/2/28/Bassin_d%27ablution.jpg/960px-Bassin_d%27ablution.jpg?utm_source=commons.wikimedia.org&utm_campaign=imageinfo&utm_content=thumbnail,image/jpeg,5184,3456,Hyppolyte de Saint-Rambert,CC BY-SA 4.0,https://creativecommons.org/licenses/by-sa/4.0,Creative Commons Attribution-Share Alike 4.0,,Own work,Photographie de la tête du dragon fontaine du chôzuya qui sert aux ablutions des fidèles dans un rite de purification.,2020-02-13 07:16:32,2026-09-23T09:57:56.351731+00:00,True
commons-0123,mixed,purification_installation,Category:Chōzuya,119559241,File:Chikubu bassin ablution.jpg,https://commons.wikimedia.org/wiki/File:Chikubu_bassin_ablution.jpg,https://upload.wikimedia.org/wikipedia/commons/8/81/Chikubu_bassin_ablution.jpg?utm_source=commons.wikimedia.org&utm_campaign=imageinfo&utm_content=original,https://thumb.wikimedia.org/wikipedia/commons/thumb/8/81/Chikubu_bassin_ablution.jpg/960px-Chikubu_bassin_ablution.jpg?utm_source=commons.wikimedia.org&utm_campaign=imageinfo&utm_content=thumbnail,image/jpeg,5184,3456,Hyppolyte de Saint-Rambert,CC BY-SA 4.0,https://creativecommons.org/licenses/by-sa/4.0,Creative Commons Attribution-Share Alike 4.0,,Own work,La photographie d'un bassin d'ablution alimenté en eau par la tête du dragon fontaine du chôzuya.,2020-02-13 07:32:37,2026-09-23T09:57:56.351731+00:00,True
commons-0124,mixed,purification_installation,Category:Chōzuya,137463677,File:Chinnan Shrine Chōzuya.jpg,https://commons.wikimedia.org/wiki/File:Chinnan_Shrine_Ch%C5%8Dzuya.jpg,https://upload.wikimedia.org/wikipedia/commons/9/96/Chinnan_Shrine_Ch%C5%8Dzuya.jpg?utm_source=commons.wikimedia.org&utm_campaign=imageinfo&utm_content=original,https://upload.wikimedia.org/wikipedia/commons/9/96/Chinnan_Shrine_Ch%C5%8Dzuya.jpg?utm_source=commons.wikimedia.org&utm_campaign=imageinfo&utm_content=thumbnail_unscaled,image/jpeg,658,587,Unknown Photographer,Public domain,,Public domain,,今西君代「鎮南神社建立裏方の思い出」（ジャワマラン会編『鳴動ジャワマラン会誌』18 頁、1982 年 12 月）,Chinnan Shrine's Chōzuya can be seen in the front-right of the shrine. The worship hall of Chinnan Shrine can be seen on the rear left.,1944,2026-09-23T09:57:56.351731+00:00,True
commons-0125,mixed,purification_installation,Category:Chōzuya,138360690,File:A Japanese lady wearing a Hakama and Chōzuya.jpg,https://commons.wikimedia.org/wiki/File:A_Japanese_lady_wearing_a_Hakama_and_Ch%C5%8Dzuya.jpg,https://upload.wikimedia.org/wikipedia/commons/2/20/A_Japanese_lady_wearing_a_Hakama_and_Ch%C5%8Dzuya.jpg?utm_source=commons.wikimedia.org&utm_campaign=imageinfo&utm_content=original,https://thumb.wikimedia.org/wikipedia/commons/thumb/2/20/A_Japanese_lady_wearing_a_Hakama_and_Ch%C5%8Dzuya.jpg/960px-A_Japanese_lady_wearing_a_Hakama_and_Ch%C5%8Dzuya.jpg?utm_source=commons.wikimedia.org&utm_campaign=imageinfo&utm_content=thumbnail,image/jpeg,3456,2304,H.Hmoderato,CC BY-SA 4.0,https://creativecommons.org/licenses/by-sa/4.0,Creative Commons Attribution-Share Alike 4.0,,Own work,A Japanese lady wearing a Hakama is washing her hands to purify with Chōzuya berore entering a shrine.,"9 October 2014, 15:09:20 〔according to Exif data〕",2026-09-23T09:57:56.351731+00:00,True
commons-0126,mixed,purification_installation,Category:Chōzuya,143178246,File:Chozuya at Hiko Shrine.jpg,https://commons.wikimedia.org/wiki/File:Chozuya_at_Hiko_Shrine.jpg,https://upload.wikimedia.org/wikipedia/commons/9/9a/Chozuya_at_Hiko_Shrine.jpg?utm_source=commons.wikimedia.org&utm_campaign=imageinfo&utm_content=original,https://thumb.wikimedia.org/wikipedia/commons/thumb/9/9a/Chozuya_at_Hiko_Shrine.jpg/960px-Chozuya_at_Hiko_Shrine.jpg?utm_source=commons.wikimedia.org&utm_campaign=imageinfo&utm_content=thumbnail,image/jpeg,4032,3024,Immanuelle,CC BY-SA 4.0,https://creativecommons.org/licenses/by-sa/4.0,Creative Commons Attribution-Share Alike 4.0,,Own work,A photo I took in Japan in August 2023: Chozuya at Hiko Shrine,22 August 2023 12:12:09,2026-09-23T09:57:56.351731+00:00,True
commons-0127,mixed,purification_installation,Category:Chōzuya,143178254,File:Chozuya art at Hiko Shrine.jpg,https://commons.wikimedia.org/wiki/File:Chozuya_art_at_Hiko_Shrine.jpg,https://upload.wikimedia.org/wikipedia/commons/5/5f/Chozuya_art_at_Hiko_Shrine.jpg?utm_source=commons.wikimedia.org&utm_campaign=imageinfo&utm_content=original,https://thumb.wikimedia.org/wikipedia/commons/thumb/5/5f/Chozuya_art_at_Hiko_Shrine.jpg/960px-Chozuya_art_at_Hiko_Shrine.jpg?utm_source=commons.wikimedia.org&utm_campaign=imageinfo&utm_content=thumbnail,image/jpeg,4032,3024,Immanuelle,CC BY-SA 4.0,https://creativecommons.org/licenses/by-sa/4.0,Creative Commons Attribution-Share Alike 4.0,,Own work,A photo I took in Japan in August 2023: Chozuya art at Hiko Shrine,22 August 2023 12:12:05,2026-09-23T09:57:56.351731+00:00,True
commons-0128,mixed,purification_installation,Category:Chōzuya,151161977,File:Akagi Shrine @ Mount Akagi area (14018445370).jpg,https://commons.wikimedia.org/wiki/File:Akagi_Shrine_@_Mount_Akagi_area_(14018445370).jpg,https://upload.wikimedia.org/wikipedia/commons/f/f8/Akagi_Shrine_%40_Mount_Akagi_area_%2814018445370%29.jpg?utm_source=commons.wikimedia.org&utm_campaign=imageinfo&utm_content=original,https://thumb.wikimedia.org/wikipedia/commons/thumb/f/f8/Akagi_Shrine_%40_Mount_Akagi_area_%2814018445370%29.jpg/960px-Akagi_Shrine_%40_Mount_Akagi_area_%2814018445370%29.jpg?utm_source=commons.wikimedia.org&utm_campaign=imageinfo&utm_content=thumbnail,image/jpeg,3968,2976,"Guilhem Vellut from Annecy, France",CC BY 2.0,https://creativecommons.org/licenses/by/2.0,Creative Commons Attribution 2.0,,Akagi Shrine @ Mount Akagi area,手水舎。赤城神社。前橋市富士見町赤城山。,2014-05-14 11:55,2026-09-23T09:57:56.351731+00:00,True
commons-0129,mixed,purification_installation,Category:Chōzuya,152619424,File:Akiba Shrine-chozuya.jpg,https://commons.wikimedia.org/wiki/File:Akiba_Shrine-chozuya.jpg,https://upload.wikimedia.org/wikipedia/commons/3/32/Akiba_Shrine-chozuya.jpg?utm_source=commons.wikimedia.org&utm_campaign=imageinfo&utm_content=original,https://thumb.wikimedia.org/wikipedia/commons/thumb/3/32/Akiba_Shrine-chozuya.jpg/960px-Akiba_Shrine-chozuya.jpg?utm_source=commons.wikimedia.org&utm_campaign=imageinfo&utm_content=thumbnail,image/jpeg,3024,4032,Immanuelle,CC BY 4.0,https://creativecommons.org/licenses/by/4.0,Creative Commons Attribution 4.0,,Own work,A photo I took in Japan: Akiba Shrine,"16 August 2024, 16:33:55",2026-09-23T09:57:56.351731+00:00,True
commons-0130,buddhist,small_wayside_structure,Category:Jizō-dō,10383590,File:Kinomiya Jizo-do- okuno'in.jpg,https://commons.wikimedia.org/wiki/File:Kinomiya_Jizo-do-_okuno%27in.jpg,https://upload.wikimedia.org/wikipedia/commons/1/16/Kinomiya_Jizo-do-_okuno%27in.jpg?utm_source=commons.wikimedia.org&utm_campaign=imageinfo&utm_content=original,https://thumb.wikimedia.org/wikipedia/commons/thumb/1/16/Kinomiya_Jizo-do-_okuno%27in.jpg/960px-Kinomiya_Jizo-do-_okuno%27in.jpg?utm_source=commons.wikimedia.org&utm_campaign=imageinfo&utm_content=thumbnail,image/jpeg,1600,1200,tokorokoko,Public domain,,Public domain,,Own work,"Kinomiya Jizō -dō Okuno'in , - near Tafuku-ji temple , in Miyoshi-machi, Saitama , Japan.",Taken on 2 May 2010,2026-09-23T09:57:56.351731+00:00,True
commons-0131,buddhist,small_wayside_structure,Category:Jizō-dō,10554971,File:NaraJizoutouge-odou20100605.JPG,https://commons.wikimedia.org/wiki/File:NaraJizoutouge-odou20100605.JPG,https://upload.wikimedia.org/wikipedia/commons/d/d6/NaraJizoutouge-odou20100605.JPG?utm_source=commons.wikimedia.org&utm_campaign=imageinfo&utm_content=original,https://upload.wikimedia.org/wikipedia/commons/d/d6/NaraJizoutouge-odou20100605.JPG?utm_source=commons.wikimedia.org&utm_campaign=imageinfo&utm_content=thumbnail_unscaled,image/jpeg,480,640,ys1979,Public domain,,Public domain,,作成者が撮影,奈良県吉野郡黒滝村地蔵峠にある地蔵堂,2010-06-05,2026-09-23T09:57:56.351731+00:00,True
commons-0132,buddhist,small_wayside_structure,Category:Jizō-dō,39197893,File:Kaiun-Kosodate-Jizo-do.jpg,https://commons.wikimedia.org/wiki/File:Kaiun-Kosodate-Jizo-do.jpg,https://upload.wikimedia.org/wikipedia/commons/1/1a/Kaiun-Kosodate-Jizo-do.jpg?utm_source=commons.wikimedia.org&utm_campaign=imageinfo&utm_content=original,https://thumb.wikimedia.org/wikipedia/commons/thumb/1/1a/Kaiun-Kosodate-Jizo-do.jpg/960px-Kaiun-Kosodate-Jizo-do.jpg?utm_source=commons.wikimedia.org&utm_campaign=imageinfo&utm_content=thumbnail,image/jpeg,1852,1852,Nova replet laetitia,CC BY-SA 4.0,https://creativecommons.org/licenses/by-sa/4.0,Creative Commons Attribution-Share Alike 4.0,,Own work,"Jizo-do, a hermitage, named as Kaiun kosodate Jizo-do , placed in Koenji, Tokyo",2015-03-24 14:44:04,2026-09-23T09:57:56.351731+00:00,True
commons-0133,buddhist,small_wayside_structure,Category:Jizō-dō,94001618,"File:Jizō-dō（Sakaidani ,Iwade, Wakayama）.jpg","https://commons.wikimedia.org/wiki/File:Jiz%C5%8D-d%C5%8D%EF%BC%88Sakaidani_,Iwade,_Wakayama%EF%BC%89.jpg",https://upload.wikimedia.org/wikipedia/commons/f/f1/Jiz%C5%8D-d%C5%8D%EF%BC%88Sakaidani_%2CIwade%2C_Wakayama%EF%BC%89.jpg?utm_source=commons.wikimedia.org&utm_campaign=imageinfo&utm_content=original,https://thumb.wikimedia.org/wikipedia/commons/thumb/f/f1/Jiz%C5%8D-d%C5%8D%EF%BC%88Sakaidani_%2CIwade%2C_Wakayama%EF%BC%89.jpg/960px-Jiz%C5%8D-d%C5%8D%EF%BC%88Sakaidani_%2CIwade%2C_Wakayama%EF%BC%89.jpg?utm_source=commons.wikimedia.org&utm_campaign=imageinfo&utm_content=thumbnail,image/jpeg,5472,3648,Gohachiyasu1214,CC BY-SA 4.0,https://creativecommons.org/licenses/by-sa/4.0,Creative Commons Attribution-Share Alike 4.0,,Own work,和歌山県岩出市境谷地区入口にある 地蔵堂 和歌山県岩出市境谷,2020-06-09,2026-09-23T09:57:56.351731+00:00,True
commons-0134,buddhist,small_wayside_structure,Category:Jizō-dō,98570677,"File:Nakazawa River, Aizen Jizōdō, Bridge and MtFuji.jpg","https://commons.wikimedia.org/wiki/File:Nakazawa_River,_Aizen_Jiz%C5%8Dd%C5%8D,_Bridge_and_MtFuji.jpg",https://upload.wikimedia.org/wikipedia/commons/1/1c/Nakazawa_River%2C_Aizen_Jiz%C5%8Dd%C5%8D%2C_Bridge_and_MtFuji.jpg?utm_source=commons.wikimedia.org&utm_campaign=imageinfo&utm_content=original,https://thumb.wikimedia.org/wikipedia/commons/thumb/1/1c/Nakazawa_River%2C_Aizen_Jiz%C5%8Dd%C5%8D%2C_Bridge_and_MtFuji.jpg/960px-Nakazawa_River%2C_Aizen_Jiz%C5%8Dd%C5%8D%2C_Bridge_and_MtFuji.jpg?utm_source=commons.wikimedia.org&utm_campaign=imageinfo&utm_content=thumbnail,image/jpeg,4032,3024,Hrykt,CC BY-SA 4.0,https://creativecommons.org/licenses/by-sa/4.0,Creative Commons Attribution-Share Alike 4.0,,Own work,中沢川、愛染地蔵堂、愛染地蔵橋、富士山,2020-12-26 09:55:14,2026-09-23T09:57:56.351731+00:00,True
commons-0135,buddhist,small_wayside_structure,Category:Jizō-dō,119754469,File:Jizō-dō (Maihara) 20220614.jpg,https://commons.wikimedia.org/wiki/File:Jiz%C5%8D-d%C5%8D_(Maihara)_20220614.jpg,https://upload.wikimedia.org/wikipedia/commons/3/30/Jiz%C5%8D-d%C5%8D_%28Maihara%29_20220614.jpg?utm_source=commons.wikimedia.org&utm_campaign=imageinfo&utm_content=original,https://thumb.wikimedia.org/wikipedia/commons/thumb/3/30/Jiz%C5%8D-d%C5%8D_%28Maihara%29_20220614.jpg/960px-Jiz%C5%8D-d%C5%8D_%28Maihara%29_20220614.jpg?utm_source=commons.wikimedia.org&utm_campaign=imageinfo&utm_content=thumbnail,image/jpeg,3072,4608,先従隗始,CC0,http://creativecommons.org/publicdomain/zero/1.0/deed.en,"Creative Commons Zero, Public Domain Dedication",,Own work,米原市米原にある地蔵堂。,2022-06-14 14:50:04,2026-09-23T09:57:56.351731+00:00,True
commons-0136,buddhist,small_wayside_structure,Category:Jizō-dō,119755327,File:Kyūkosan Seigan-ji Temple 20220614 08.jpg,https://commons.wikimedia.org/wiki/File:Ky%C5%ABkosan_Seigan-ji_Temple_20220614_08.jpg,https://upload.wikimedia.org/wikipedia/commons/6/67/Ky%C5%ABkosan_Seigan-ji_Temple_20220614_08.jpg?utm_source=commons.wikimedia.org&utm_campaign=imageinfo&utm_content=original,https://thumb.wikimedia.org/wikipedia/commons/thumb/6/67/Ky%C5%ABkosan_Seigan-ji_Temple_20220614_08.jpg/960px-Ky%C5%ABkosan_Seigan-ji_Temple_20220614_08.jpg?utm_source=commons.wikimedia.org&utm_campaign=imageinfo&utm_content=thumbnail,image/jpeg,4608,3072,先従隗始,CC0,http://creativecommons.org/publicdomain/zero/1.0/deed.en,"Creative Commons Zero, Public Domain Dedication",,Own work,米原市米原にある吸湖山青岸寺。地蔵堂と鬼瓦。,2022-06-14 14:53:49,2026-09-23T09:57:56.351731+00:00,True
commons-0137,buddhist,small_wayside_structure,Category:Jizō-dō,119770965,File:Enouzan Zenkō-ji Temple 20220618 01.jpg,https://commons.wikimedia.org/wiki/File:Enouzan_Zenk%C5%8D-ji_Temple_20220618_01.jpg,https://upload.wikimedia.org/wikipedia/commons/2/2a/Enouzan_Zenk%C5%8D-ji_Temple_20220618_01.jpg?utm_source=commons.wikimedia.org&utm_campaign=imageinfo&utm_content=original,https://thumb.wikimedia.org/wikipedia/commons/thumb/2/2a/Enouzan_Zenk%C5%8D-ji_Temple_20220618_01.jpg/960px-Enouzan_Zenk%C5%8D-ji_Temple_20220618_01.jpg?utm_source=commons.wikimedia.org&utm_campaign=imageinfo&utm_content=thumbnail,image/jpeg,4608,3072,先従隗始,CC0,http://creativecommons.org/publicdomain/zero/1.0/deed.en,"Creative Commons Zero, Public Domain Dedication",,Own work,羽島郡笠松町下新町にある恵能山善光寺。地蔵堂。,2022-06-18 10:13:15,2026-09-23T09:57:56.351731+00:00,True
commons-0138,buddhist,small_wayside_structure,Category:Jizō-dō,120786230,File:Niwazan Honsō-ji Temple 20220707 08.jpg,https://commons.wikimedia.org/wiki/File:Niwazan_Hons%C5%8D-ji_Temple_20220707_08.jpg,https://upload.wikimedia.org/wikipedia/commons/6/61/Niwazan_Hons%C5%8D-ji_Temple_20220707_08.jpg?utm_source=commons.wikimedia.org&utm_campaign=imageinfo&utm_content=original,https://thumb.wikimedia.org/wikipedia/commons/thumb/6/61/Niwazan_Hons%C5%8D-ji_Temple_20220707_08.jpg/960px-Niwazan_Hons%C5%8D-ji_Temple_20220707_08.jpg?utm_source=commons.wikimedia.org&utm_campaign=imageinfo&utm_content=thumbnail,image/jpeg,4608,3072,先従隗始,CC0,http://creativecommons.org/publicdomain/zero/1.0/deed.en,"Creative Commons Zero, Public Domain Dedication",,Own work,江南市曽本町幼川添にある丹羽山本曽寺。地蔵堂。,"7 July 2022, 10:04:58",2026-09-23T09:57:56.351731+00:00,True
commons-0139,buddhist,small_wayside_structure,Category:Jizō-dō,122042148,"File:38sho Shrine, Kizugawa - Jizo-do.jpg","https://commons.wikimedia.org/wiki/File:38sho_Shrine,_Kizugawa_-_Jizo-do.jpg",https://upload.wikimedia.org/wikipedia/commons/8/8b/38sho_Shrine%2C_Kizugawa_-_Jizo-do.jpg?utm_source=commons.wikimedia.org&utm_campaign=imageinfo&utm_content=original,https://thumb.wikimedia.org/wikipedia/commons/thumb/8/8b/38sho_Shrine%2C_Kizugawa_-_Jizo-do.jpg/960px-38sho_Shrine%2C_Kizugawa_-_Jizo-do.jpg?utm_source=commons.wikimedia.org&utm_campaign=imageinfo&utm_content=thumbnail,image/jpeg,4032,3024,Kochizufan,CC BY-SA 4.0,https://creativecommons.org/licenses/by-sa/4.0,Creative Commons Attribution-Share Alike 4.0,,Own work,三十八所神社 参道入り口付近の地蔵堂 木津川市,2022-08-17 10:26:09,2026-09-23T09:57:56.351731+00:00,True
commons-0140,buddhist,small_wayside_structure,Category:Jizō-dō,135574931,File:Jizō-dō in the keidai of Washio-Atago-jinja 7-1 Atago 2-chōme Nishi-ku Fukuoka 20221220.jpg,https://commons.wikimedia.org/wiki/File:Jiz%C5%8D-d%C5%8D_in_the_keidai_of_Washio-Atago-jinja_7-1_Atago_2-ch%C5%8Dme_Nishi-ku_Fukuoka_20221220.jpg,https://upload.wikimedia.org/wikipedia/commons/a/a8/Jiz%C5%8D-d%C5%8D_in_the_keidai_of_Washio-Atago-jinja_7-1_Atago_2-ch%C5%8Dme_Nishi-ku_Fukuoka_20221220.jpg?utm_source=commons.wikimedia.org&utm_campaign=imageinfo&utm_content=original,https://thumb.wikimedia.org/wikipedia/commons/thumb/a/a8/Jiz%C5%8D-d%C5%8D_in_the_keidai_of_Washio-Atago-jinja_7-1_Atago_2-ch%C5%8Dme_Nishi-ku_Fukuoka_20221220.jpg/960px-Jiz%C5%8D-d%C5%8D_in_the_keidai_of_Washio-Atago-jinja_7-1_Atago_2-ch%C5%8Dme_Nishi-ku_Fukuoka_20221220.jpg?utm_source=commons.wikimedia.org&utm_campaign=imageinfo&utm_content=thumbnail,image/jpeg,4000,2256,Hirho,CC BY-SA 4.0,https://creativecommons.org/licenses/by-sa/4.0,Creative Commons Attribution-Share Alike 4.0,,Own work,"the jizō-dō in the keidai of Washio-Atago-jinja (7-1, Atago 2-chōme, Nishi-ku, Fukuoka City, Japan 819-0015)",2022-12-20 16:38:43,2026-09-23T09:57:56.351731+00:00,True
commons-0141,buddhist,small_wayside_structure,Category:Jizō-dō,146589381,File:Hoko-o Jizo-son 2024-02-01.jpg,https://commons.wikimedia.org/wiki/File:Hoko-o_Jizo-son_2024-02-01.jpg,https://upload.wikimedia.org/wikipedia/commons/9/92/Hoko-o_Jizo-son_2024-02-01.jpg?utm_source=commons.wikimedia.org&utm_campaign=imageinfo&utm_content=original,https://thumb.wikimedia.org/wikipedia/commons/thumb/9/92/Hoko-o_Jizo-son_2024-02-01.jpg/960px-Hoko-o_Jizo-son_2024-02-01.jpg?utm_source=commons.wikimedia.org&utm_campaign=imageinfo&utm_content=thumbnail,image/jpeg,4032,3024,Asanagi,CC0,http://creativecommons.org/publicdomain/zero/1.0/deed.en,"Creative Commons Zero, Public Domain Dedication",,Own work,"Hōkō-ō Jizō-son (Tokyo, Japan)",2024-02-01 10:37:39,2026-09-23T09:57:56.351731+00:00,True
commons-0142,buddhist,small_wayside_structure,Category:Jizō-dō,162657614,"File:Jizō-dō (Umegahara,Maibara,Shiga) 20250323-1.jpg","https://commons.wikimedia.org/wiki/File:Jiz%C5%8D-d%C5%8D_(Umegahara,Maibara,Shiga)_20250323-1.jpg",https://upload.wikimedia.org/wikipedia/commons/9/95/Jiz%C5%8D-d%C5%8D_%28Umegahara%2CMaibara%2CShiga%29_20250323-1.jpg?utm_source=commons.wikimedia.org&utm_campaign=imageinfo&utm_content=original,https://thumb.wikimedia.org/wikipedia/commons/thumb/9/95/Jiz%C5%8D-d%C5%8D_%28Umegahara%2CMaibara%2CShiga%29_20250323-1.jpg/960px-Jiz%C5%8D-d%C5%8D_%28Umegahara%2CMaibara%2CShiga%29_20250323-1.jpg?utm_source=commons.wikimedia.org&utm_campaign=imageinfo&utm_content=thumbnail,image/jpeg,4080,3060,Salada220422,CC0,http://creativecommons.org/publicdomain/zero/1.0/deed.en,"Creative Commons Zero, Public Domain Dedication",,Own work,滋賀県米原市梅ケ原にある地蔵堂,2025-03-23 11:11:54,2026-09-23T09:57:56.351731+00:00,True
commons-0143,buddhist,small_wayside_structure,Category:Jizō-dō,162657778,"File:Jizō-dō (Umegahara,Maibara,Shiga) 20250323-2.jpg","https://commons.wikimedia.org/wiki/File:Jiz%C5%8D-d%C5%8D_(Umegahara,Maibara,Shiga)_20250323-2.jpg",https://upload.wikimedia.org/wikipedia/commons/e/e4/Jiz%C5%8D-d%C5%8D_%28Umegahara%2CMaibara%2CShiga%29_20250323-2.jpg?utm_source=commons.wikimedia.org&utm_campaign=imageinfo&utm_content=original,https://thumb.wikimedia.org/wikipedia/commons/thumb/e/e4/Jiz%C5%8D-d%C5%8D_%28Umegahara%2CMaibara%2CShiga%29_20250323-2.jpg/960px-Jiz%C5%8D-d%C5%8D_%28Umegahara%2CMaibara%2CShiga%29_20250323-2.jpg?utm_source=commons.wikimedia.org&utm_campaign=imageinfo&utm_content=thumbnail,image/jpeg,3060,4080,Salada220422,CC0,http://creativecommons.org/publicdomain/zero/1.0/deed.en,"Creative Commons Zero, Public Domain Dedication",,Own work,滋賀県米原市梅ケ原にある地蔵堂,2025-03-23 11:05:52,2026-09-23T09:57:56.351731+00:00,True
commons-0144,buddhist,small_wayside_structure,Category:Jizō-dō,163229344,File:Hikone Newtown Dai1 ParkA Jizō-dō(20250405).jpg,https://commons.wikimedia.org/wiki/File:Hikone_Newtown_Dai1_ParkA_Jiz%C5%8D-d%C5%8D(20250405).jpg,https://upload.wikimedia.org/wikipedia/commons/7/7d/Hikone_Newtown_Dai1_ParkA_Jiz%C5%8D-d%C5%8D%2820250405%29.jpg?utm_source=commons.wikimedia.org&utm_campaign=imageinfo&utm_content=original,https://thumb.wikimedia.org/wikipedia/commons/thumb/7/7d/Hikone_Newtown_Dai1_ParkA_Jiz%C5%8D-d%C5%8D%2820250405%29.jpg/960px-Hikone_Newtown_Dai1_ParkA_Jiz%C5%8D-d%C5%8D%2820250405%29.jpg?utm_source=commons.wikimedia.org&utm_campaign=imageinfo&utm_content=thumbnail,image/jpeg,3060,4080,Salada220422,CC0,http://creativecommons.org/publicdomain/zero/1.0/deed.en,"Creative Commons Zero, Public Domain Dedication",,Own work,滋賀県彦根市にある彦根ニュータウン第1公園Aの地蔵堂,2025-04-05 10:53:26,2026-09-23T09:57:56.351731+00:00,True
commons-0145,buddhist,small_wayside_structure,Category:Jizō-dō,164380277,"File:Jizō-dō (Umegahara,Maibara,Shiga) 20250323-4.jpg","https://commons.wikimedia.org/wiki/File:Jiz%C5%8D-d%C5%8D_(Umegahara,Maibara,Shiga)_20250323-4.jpg",https://upload.wikimedia.org/wikipedia/commons/0/0a/Jiz%C5%8D-d%C5%8D_%28Umegahara%2CMaibara%2CShiga%29_20250323-4.jpg?utm_source=commons.wikimedia.org&utm_campaign=imageinfo&utm_content=original,https://thumb.wikimedia.org/wikipedia/commons/thumb/0/0a/Jiz%C5%8D-d%C5%8D_%28Umegahara%2CMaibara%2CShiga%29_20250323-4.jpg/960px-Jiz%C5%8D-d%C5%8D_%28Umegahara%2CMaibara%2CShiga%29_20250323-4.jpg?utm_source=commons.wikimedia.org&utm_campaign=imageinfo&utm_content=thumbnail,image/jpeg,4080,3060,Salada220422,CC0,http://creativecommons.org/publicdomain/zero/1.0/deed.en,"Creative Commons Zero, Public Domain Dedication",,Own work,滋賀県米原市梅ケ原にある地蔵堂,2025-03-23 17:10:37,2026-09-23T09:57:56.351731+00:00,True
commons-0146,buddhist,small_wayside_structure,Category:Jizō-dō,164380279,"File:Jizō-dō (Umegahara,Maibara,Shiga) 20250323-3.jpg","https://commons.wikimedia.org/wiki/File:Jiz%C5%8D-d%C5%8D_(Umegahara,Maibara,Shiga)_20250323-3.jpg",https://upload.wikimedia.org/wikipedia/commons/7/76/Jiz%C5%8D-d%C5%8D_%28Umegahara%2CMaibara%2CShiga%29_20250323-3.jpg?utm_source=commons.wikimedia.org&utm_campaign=imageinfo&utm_content=original,https://thumb.wikimedia.org/wikipedia/commons/thumb/7/76/Jiz%C5%8D-d%C5%8D_%28Umegahara%2CMaibara%2CShiga%29_20250323-3.jpg/960px-Jiz%C5%8D-d%C5%8D_%28Umegahara%2CMaibara%2CShiga%29_20250323-3.jpg?utm_source=commons.wikimedia.org&utm_campaign=imageinfo&utm_content=thumbnail,image/jpeg,3060,4080,Salada220422,CC0,http://creativecommons.org/publicdomain/zero/1.0/deed.en,"Creative Commons Zero, Public Domain Dedication",,Own work,滋賀県米原市梅ケ原にある地蔵堂,2025-03-23 16:39:30,2026-09-23T09:57:56.351731+00:00,True
commons-0147,buddhist,small_wayside_structure,Category:Jizō-dō,178080418,File:Michibiki Jizo Panoramic view 202511a.jpg,https://commons.wikimedia.org/wiki/File:Michibiki_Jizo_Panoramic_view_202511a.jpg,https://upload.wikimedia.org/wikipedia/commons/3/37/Michibiki_Jizo_Panoramic_view_202511a.jpg?utm_source=commons.wikimedia.org&utm_campaign=imageinfo&utm_content=original,https://thumb.wikimedia.org/wikipedia/commons/thumb/3/37/Michibiki_Jizo_Panoramic_view_202511a.jpg/960px-Michibiki_Jizo_Panoramic_view_202511a.jpg?utm_source=commons.wikimedia.org&utm_campaign=imageinfo&utm_content=thumbnail,image/jpeg,6024,4024,とらもん192,CC BY 4.0,https://creativecommons.org/licenses/by/4.0,Creative Commons Attribution 4.0,,Own work,宮城県気仙沼市大島にあるみちびき地蔵の全体像。6体の石仏と地蔵堂は東日本大震災後に作られた。石仏の向かいには案内看板と再建の経緯を記した看板がある。,2025-11-08 14:30:27,2026-09-23T09:57:56.351731+00:00,True
commons-0148,buddhist,household_display,Category:Butsudan,1398809,File:Butsudan at ShinDo Buddhist Temple.jpg,https://commons.wikimedia.org/wiki/File:Butsudan_at_ShinDo_Buddhist_Temple.jpg,https://upload.wikimedia.org/wikipedia/commons/a/aa/Butsudan_at_ShinDo_Buddhist_Temple.jpg?utm_source=commons.wikimedia.org&utm_campaign=imageinfo&utm_content=original,https://upload.wikimedia.org/wikipedia/commons/a/aa/Butsudan_at_ShinDo_Buddhist_Temple.jpg?utm_source=commons.wikimedia.org&utm_campaign=imageinfo&utm_content=thumbnail_unscaled,image/jpeg,424,640,No machine-readable author provided. Gakuro assumed (based on copyright claims).,CC BY-SA 3.0,http://creativecommons.org/licenses/by-sa/3.0/,Creative Commons Attribution-Share Alike 3.0,,No machine-readable source provided. Own work assumed (based on copyright claims).,Butsudan at ShinDo Buddhist Temple Photograph by Gakuro,24 November 2006 (original upload date),2026-09-23T09:57:56.351731+00:00,True
commons-0149,buddhist,household_display,Category:Butsudan,1801262,File:Japanese Buddhist altar 001.jpg,https://commons.wikimedia.org/wiki/File:Japanese_Buddhist_altar_001.jpg,https://upload.wikimedia.org/wikipedia/commons/b/b2/Japanese_Buddhist_altar_001.jpg?utm_source=commons.wikimedia.org&utm_campaign=imageinfo&utm_content=original,https://upload.wikimedia.org/wikipedia/commons/b/b2/Japanese_Buddhist_altar_001.jpg?utm_source=commons.wikimedia.org&utm_campaign=imageinfo&utm_content=thumbnail_unscaled,image/jpeg,960,1280,,CC BY 2.1 jp,https://creativecommons.org/licenses/by/2.1/jp/deed.en,Creative Commons Attribution 2.1 jp,,,,,2026-09-23T09:57:56.351731+00:00,True
commons-0150,buddhist,household_display,Category:Butsudan,7710068,File:Butsudan by CR.jpg,https://commons.wikimedia.org/wiki/File:Butsudan_by_CR.jpg,https://upload.wikimedia.org/wikipedia/commons/4/41/Butsudan_by_CR.jpg?utm_source=commons.wikimedia.org&utm_campaign=imageinfo&utm_content=original,https://thumb.wikimedia.org/wikipedia/commons/thumb/4/41/Butsudan_by_CR.jpg/960px-Butsudan_by_CR.jpg?utm_source=commons.wikimedia.org&utm_campaign=imageinfo&utm_content=thumbnail,image/jpeg,2496,1664,Corpse Reviver,CC BY 3.0,https://creativecommons.org/licenses/by/3.0,Creative Commons Attribution 3.0,,Own work,日本の 仏壇 。,2009-09-01,2026-09-23T09:57:56.351731+00:00,True
commons-0151,buddhist,household_display,Category:Butsudan,7792256,File:Close-up Butsudan at light off.jpg,https://commons.wikimedia.org/wiki/File:Close-up_Butsudan_at_light_off.jpg,https://upload.wikimedia.org/wikipedia/commons/0/07/Close-up_Butsudan_at_light_off.jpg?utm_source=commons.wikimedia.org&utm_campaign=imageinfo&utm_content=original,https://thumb.wikimedia.org/wikipedia/commons/thumb/0/07/Close-up_Butsudan_at_light_off.jpg/960px-Close-up_Butsudan_at_light_off.jpg?utm_source=commons.wikimedia.org&utm_campaign=imageinfo&utm_content=thumbnail,image/jpeg,3456,2304,Corpse Reviver,CC BY 3.0,https://creativecommons.org/licenses/by/3.0,Creative Commons Attribution 3.0,,Own work,仏壇の中心部を撮影。,2009-09-07,2026-09-23T09:57:56.351731+00:00,True
commons-0152,buddhist,household_display,Category:Butsudan,7792280,File:Close-up Butsudan at light on.jpg,https://commons.wikimedia.org/wiki/File:Close-up_Butsudan_at_light_on.jpg,https://upload.wikimedia.org/wikipedia/commons/e/e0/Close-up_Butsudan_at_light_on.jpg?utm_source=commons.wikimedia.org&utm_campaign=imageinfo&utm_content=original,https://thumb.wikimedia.org/wikipedia/commons/thumb/e/e0/Close-up_Butsudan_at_light_on.jpg/960px-Close-up_Butsudan_at_light_on.jpg?utm_source=commons.wikimedia.org&utm_campaign=imageinfo&utm_content=thumbnail,image/jpeg,3456,2304,Corpse Reviver,CC BY 3.0,https://creativecommons.org/licenses/by/3.0,Creative Commons Attribution 3.0,,Own work,The center of the Buddhist altar where the lights were lit.,2009-09-07,2026-09-23T09:57:56.351731+00:00,True
commons-0153,buddhist,household_display,Category:Butsudan,19038327,File:Butsudan Kyoto March 2011.JPG,https://commons.wikimedia.org/wiki/File:Butsudan_Kyoto_March_2011.JPG,https://upload.wikimedia.org/wikipedia/commons/3/35/Butsudan_Kyoto_March_2011.JPG?utm_source=commons.wikimedia.org&utm_campaign=imageinfo&utm_content=original,https://upload.wikimedia.org/wikipedia/commons/3/35/Butsudan_Kyoto_March_2011.JPG?utm_source=commons.wikimedia.org&utm_campaign=imageinfo&utm_content=thumbnail_unscaled,image/jpeg,334,500,Lindsaywburnette,CC BY-SA 3.0,https://creativecommons.org/licenses/by-sa/3.0,Creative Commons Attribution-Share Alike 3.0,,Own work,"Photograph of a Butsudan, a Buddhist shrine for ancestor worship, taken in Yawata, Kyoto",2011-03-02,2026-09-23T09:57:56.351731+00:00,True
commons-0154,buddhist,household_display,Category:Butsudan,48197093,File:Ekoin-Nenbutsu-Hall-Interior.jpg,https://commons.wikimedia.org/wiki/File:Ekoin-Nenbutsu-Hall-Interior.jpg,https://upload.wikimedia.org/wikipedia/commons/4/4b/Ekoin-Nenbutsu-Hall-Interior.jpg?utm_source=commons.wikimedia.org&utm_campaign=imageinfo&utm_content=original,https://thumb.wikimedia.org/wikipedia/commons/thumb/4/4b/Ekoin-Nenbutsu-Hall-Interior.jpg/960px-Ekoin-Nenbutsu-Hall-Interior.jpg?utm_source=commons.wikimedia.org&utm_campaign=imageinfo&utm_content=thumbnail,image/jpeg,2048,1536,WolfgangMichel,CC0,http://creativecommons.org/publicdomain/zero/1.0/deed.en,"Creative Commons Zero, Public Domain Dedication",,Own work,"Interior of the Nenbutsu-Hall of the Ekō-in Temple, Tokyo",2016-04-14,2026-09-23T09:57:56.351731+00:00,True
commons-0155,buddhist,household_display,Category:Butsudan,60057142,File:Higashiyama Botanical Gardens Gassho Style House 20170617-12.jpg,https://commons.wikimedia.org/wiki/File:Higashiyama_Botanical_Gardens_Gassho_Style_House_20170617-12.jpg,https://upload.wikimedia.org/wikipedia/commons/5/51/Higashiyama_Botanical_Gardens_Gassho_Style_House_20170617-12.jpg?utm_source=commons.wikimedia.org&utm_campaign=imageinfo&utm_content=original,https://thumb.wikimedia.org/wikipedia/commons/thumb/5/51/Higashiyama_Botanical_Gardens_Gassho_Style_House_20170617-12.jpg/960px-Higashiyama_Botanical_Gardens_Gassho_Style_House_20170617-12.jpg?utm_source=commons.wikimedia.org&utm_campaign=imageinfo&utm_content=thumbnail,image/jpeg,5472,3648,円周率３パーセント (Enshuritsu 3 percent),CC BY-SA 4.0,https://creativecommons.org/licenses/by-sa/4.0,Creative Commons Attribution-Share Alike 4.0,,Own work,名古屋市千種区の名古屋市東山動植物園内の合掌造りの家,2017-06-17 13:25:21,2026-09-23T09:57:56.351731+00:00,True
commons-0156,buddhist,household_display,Category:Butsudan,61585541,"File:Butsudan Shin Shu, Museo Etnográfico UBA, Ambrosetti.jpg","https://commons.wikimedia.org/wiki/File:Butsudan_Shin_Shu,_Museo_Etnogr%C3%A1fico_UBA,_Ambrosetti.jpg",https://upload.wikimedia.org/wikipedia/commons/f/f3/Butsudan_Shin_Shu%2C_Museo_Etnogr%C3%A1fico_UBA%2C_Ambrosetti.jpg?utm_source=commons.wikimedia.org&utm_campaign=imageinfo&utm_content=original,https://thumb.wikimedia.org/wikipedia/commons/thumb/f/f3/Butsudan_Shin_Shu%2C_Museo_Etnogr%C3%A1fico_UBA%2C_Ambrosetti.jpg/960px-Butsudan_Shin_Shu%2C_Museo_Etnogr%C3%A1fico_UBA%2C_Ambrosetti.jpg?utm_source=commons.wikimedia.org&utm_campaign=imageinfo&utm_content=thumbnail,image/jpeg,3456,4608,Roberto Fiadone,CC BY-SA 4.0,https://creativecommons.org/licenses/by-sa/4.0,Creative Commons Attribution-Share Alike 4.0,,Own work,"Japanese altar of the Buddhist sect Shin Shu, exhibited at the Ethnographic Museum of the University of Buenos Aires, Juan Bautista Ambrosetti. Is about 1910. It is 2 meters high and 3 meters wide, its surface is of lacquered wood. (Golden to the leaf). Ciudad de Buenos Aires, Argentina.",2016-10-29 22:04:31,2026-09-23T09:57:56.351731+00:00,True
commons-0157,buddhist,household_display,Category:Butsudan,74738142,File:Buddhist chanting in Japanese at the death anniversary of a parishioner in 2009.jpg,https://commons.wikimedia.org/wiki/File:Buddhist_chanting_in_Japanese_at_the_death_anniversary_of_a_parishioner_in_2009.jpg,https://upload.wikimedia.org/wikipedia/commons/e/ec/Buddhist_chanting_in_Japanese_at_the_death_anniversary_of_a_parishioner_in_2009.jpg?utm_source=commons.wikimedia.org&utm_campaign=imageinfo&utm_content=original,https://thumb.wikimedia.org/wikipedia/commons/thumb/e/ec/Buddhist_chanting_in_Japanese_at_the_death_anniversary_of_a_parishioner_in_2009.jpg/960px-Buddhist_chanting_in_Japanese_at_the_death_anniversary_of_a_parishioner_in_2009.jpg?utm_source=commons.wikimedia.org&utm_campaign=imageinfo&utm_content=thumbnail,image/jpeg,2048,1536,Gpwitteveen,CC BY-SA 4.0,https://creativecommons.org/licenses/by-sa/4.0,Creative Commons Attribution-Share Alike 4.0,,Own work,"Head priest of Pure Land Buddhist temple (Jodo-shu) in rural Fukui prefecture visits the home of a parishioner to chant a sutra for the repose of the deceased family member. For particularly prominent members of society, sometimes a choir of priests rather than individual clergy will recite the sutra. In rural Japan the living spaces are bigger than many urban housing and so a dedicated memorial cabinet (butsudan, see https://en.wikipedia.org/wiki/Butsudan ) like this one is provided for daily prayer by family members and for periodic priestly visits. See also mourning customs in Japan, https://en.wikipedia.org/wiki/Japanese_funeral#Mourning_and_memorial_services",2009-02-28 20:20:27,2026-09-23T09:57:56.351731+00:00,True
commons-0158,buddhist,household_display,Category:Butsudan,87210217,File:Butsudan in Japan (109).jpg,https://commons.wikimedia.org/wiki/File:Butsudan_in_Japan_(109).jpg,https://upload.wikimedia.org/wikipedia/commons/2/2a/Butsudan_in_Japan_%28109%29.jpg?utm_source=commons.wikimedia.org&utm_campaign=imageinfo&utm_content=original,https://thumb.wikimedia.org/wikipedia/commons/thumb/2/2a/Butsudan_in_Japan_%28109%29.jpg/960px-Butsudan_in_Japan_%28109%29.jpg?utm_source=commons.wikimedia.org&utm_campaign=imageinfo&utm_content=thumbnail,image/jpeg,2976,3968,Savannah Rivka,CC BY-SA 4.0,https://creativecommons.org/licenses/by-sa/4.0,Creative Commons Attribution-Share Alike 4.0,,Own work,This photo has been taken in the country: Japan,2019-06-24 22:33:09,2026-09-23T09:57:56.351731+00:00,True
commons-0159,buddhist,household_display,Category:Butsudan,99258573,"File:Giappone, tempietto buddista butsudan, in legno intagliato e laccato, 1880 ca.jpg","https://commons.wikimedia.org/wiki/File:Giappone,_tempietto_buddista_butsudan,_in_legno_intagliato_e_laccato,_1880_ca.jpg",https://upload.wikimedia.org/wikipedia/commons/d/d3/Giappone%2C_tempietto_buddista_butsudan%2C_in_legno_intagliato_e_laccato%2C_1880_ca.jpg?utm_source=commons.wikimedia.org&utm_campaign=imageinfo&utm_content=original,https://thumb.wikimedia.org/wikipedia/commons/thumb/d/d3/Giappone%2C_tempietto_buddista_butsudan%2C_in_legno_intagliato_e_laccato%2C_1880_ca.jpg/960px-Giappone%2C_tempietto_buddista_butsudan%2C_in_legno_intagliato_e_laccato%2C_1880_ca.jpg?utm_source=commons.wikimedia.org&utm_campaign=imageinfo&utm_content=thumbnail,image/jpeg,3592,5472,Sailko,CC BY 3.0,https://creativecommons.org/licenses/by/3.0,Creative Commons Attribution 3.0,,Own work,Collections in the Chhatrapati Shivaji Maharaj Vastu Sangrahalaya,2019-10-29 11:46:11,2026-09-23T09:57:56.351731+00:00,True
commons-0160,buddhist,household_display,Category:Butsudan,103172184,File:Butsudan flowers Apr 06 2021 04-16PM.jpeg,https://commons.wikimedia.org/wiki/File:Butsudan_flowers_Apr_06_2021_04-16PM.jpeg,https://upload.wikimedia.org/wikipedia/commons/f/f1/Butsudan_flowers_Apr_06_2021_04-16PM.jpeg?utm_source=commons.wikimedia.org&utm_campaign=imageinfo&utm_content=original,https://thumb.wikimedia.org/wikipedia/commons/thumb/f/f1/Butsudan_flowers_Apr_06_2021_04-16PM.jpeg/960px-Butsudan_flowers_Apr_06_2021_04-16PM.jpeg?utm_source=commons.wikimedia.org&utm_campaign=imageinfo&utm_content=thumbnail,image/jpeg,4032,3024,Nesnad,CC BY 4.0,https://creativecommons.org/licenses/by/4.0,Creative Commons Attribution 4.0,,Own work,仏花 (butsudan flowers),2021-04-06 16:16:49,2026-09-23T09:57:56.351731+00:00,True
commons-0161,buddhist,household_display,Category:Butsudan,103885778,File:Empty butsudan for sale - Asakusa - Mar 29 2021 02-29PM.jpeg,https://commons.wikimedia.org/wiki/File:Empty_butsudan_for_sale_-_Asakusa_-_Mar_29_2021_02-29PM.jpeg,https://upload.wikimedia.org/wikipedia/commons/9/9c/Empty_butsudan_for_sale_-_Asakusa_-_Mar_29_2021_02-29PM.jpeg?utm_source=commons.wikimedia.org&utm_campaign=imageinfo&utm_content=original,https://thumb.wikimedia.org/wikipedia/commons/thumb/9/9c/Empty_butsudan_for_sale_-_Asakusa_-_Mar_29_2021_02-29PM.jpeg/960px-Empty_butsudan_for_sale_-_Asakusa_-_Mar_29_2021_02-29PM.jpeg?utm_source=commons.wikimedia.org&utm_campaign=imageinfo&utm_content=thumbnail,image/jpeg,4032,3024,Nesnad,CC BY 4.0,https://creativecommons.org/licenses/by/4.0,Creative Commons Attribution 4.0,,Own work,仏壇 (butsudan alters),"Taken on 29 March 2021, 14:29:13",2026-09-23T09:57:56.351731+00:00,True
commons-0162,buddhist,household_display,Category:Butsudan,116948161,File:Empty butsudan alters for sale - close up - 2022 April 17 various.jpeg,https://commons.wikimedia.org/wiki/File:Empty_butsudan_alters_for_sale_-_close_up_-_2022_April_17_various.jpeg,https://upload.wikimedia.org/wikipedia/commons/0/07/Empty_butsudan_alters_for_sale_-_close_up_-_2022_April_17_various.jpeg?utm_source=commons.wikimedia.org&utm_campaign=imageinfo&utm_content=original,https://thumb.wikimedia.org/wikipedia/commons/thumb/0/07/Empty_butsudan_alters_for_sale_-_close_up_-_2022_April_17_various.jpeg/960px-Empty_butsudan_alters_for_sale_-_close_up_-_2022_April_17_various.jpeg?utm_source=commons.wikimedia.org&utm_campaign=imageinfo&utm_content=thumbnail,image/jpeg,4032,3024,Nesnad,CC BY 4.0,https://creativecommons.org/licenses/by/4.0,Creative Commons Attribution 4.0,,Own work,仏壇 (butsudan alters),2022-04-17 14:41:41,2026-09-23T09:57:56.351731+00:00,True
commons-0163,buddhist,household_display,Category:Butsudan,116948166,File:Empty butsudan alters for sale - close up - 2022 April 17 various 14 56 03 144000.jpeg,https://commons.wikimedia.org/wiki/File:Empty_butsudan_alters_for_sale_-_close_up_-_2022_April_17_various_14_56_03_144000.jpeg,https://upload.wikimedia.org/wikipedia/commons/0/0b/Empty_butsudan_alters_for_sale_-_close_up_-_2022_April_17_various_14_56_03_144000.jpeg?utm_source=commons.wikimedia.org&utm_campaign=imageinfo&utm_content=original,https://thumb.wikimedia.org/wikipedia/commons/thumb/0/0b/Empty_butsudan_alters_for_sale_-_close_up_-_2022_April_17_various_14_56_03_144000.jpeg/960px-Empty_butsudan_alters_for_sale_-_close_up_-_2022_April_17_various_14_56_03_144000.jpeg?utm_source=commons.wikimedia.org&utm_campaign=imageinfo&utm_content=thumbnail,image/jpeg,4032,3024,Nesnad,CC BY 4.0,https://creativecommons.org/licenses/by/4.0,Creative Commons Attribution 4.0,,Own work,仏壇 (butsudan alters),2022-04-17 14:41:36,2026-09-23T09:57:56.351731+00:00,True
commons-0164,buddhist,household_display,Category:Butsudan,143459702,"File:Buddhist Altar Room, Yuzawa-machi, Niigata Prefecture 2024-01-05.jpg","https://commons.wikimedia.org/wiki/File:Buddhist_Altar_Room,_Yuzawa-machi,_Niigata_Prefecture_2024-01-05.jpg",https://upload.wikimedia.org/wikipedia/commons/e/e0/Buddhist_Altar_Room%2C_Yuzawa-machi%2C_Niigata_Prefecture_2024-01-05.jpg?utm_source=commons.wikimedia.org&utm_campaign=imageinfo&utm_content=original,https://thumb.wikimedia.org/wikipedia/commons/thumb/e/e0/Buddhist_Altar_Room%2C_Yuzawa-machi%2C_Niigata_Prefecture_2024-01-05.jpg/960px-Buddhist_Altar_Room%2C_Yuzawa-machi%2C_Niigata_Prefecture_2024-01-05.jpg?utm_source=commons.wikimedia.org&utm_campaign=imageinfo&utm_content=thumbnail,image/jpeg,2048,1536,ウィキ太郎,Public domain,,Public domain,,Own work,"Buddhist Altar Room of KAIKAKE ONSEN, Yuzawa-machi, Niigata Prefecture, Japan. Public domain Public domain false false I, the copyright holder of this work, release this work into the public domain . This applies worldwide. In some countries this may not be legally possible; if so: I grant anyone the right to use this work for any purpose , without any conditions, unless such conditions are required by law.",2024-01-02,2026-09-23T09:57:56.351731+00:00,True
commons-0165,buddhist,household_display,Category:Butsudan,168559757,File:140914 Shayokan Goshogawara Aomori pref Japan11s3.jpg,https://commons.wikimedia.org/wiki/File:140914_Shayokan_Goshogawara_Aomori_pref_Japan11s3.jpg,https://upload.wikimedia.org/wikipedia/commons/e/e5/140914_Shayokan_Goshogawara_Aomori_pref_Japan11s3.jpg?utm_source=commons.wikimedia.org&utm_campaign=imageinfo&utm_content=original,https://thumb.wikimedia.org/wikipedia/commons/thumb/e/e5/140914_Shayokan_Goshogawara_Aomori_pref_Japan11s3.jpg/960px-140914_Shayokan_Goshogawara_Aomori_pref_Japan11s3.jpg?utm_source=commons.wikimedia.org&utm_campaign=imageinfo&utm_content=thumbnail,image/jpeg,6000,4000,663highland,CC BY-SA 4.0,https://creativecommons.org/licenses/by-sa/4.0,Creative Commons Attribution-Share Alike 4.0,,Own work,"Osamu Dazai Memorial Museum in Goshogawara , Aomori prefecture , Japan",2014-09-14,2026-09-23T09:57:56.351731+00:00,True
commons-0166,buddhist,votive_object,Category:Ema (Buddhism),201566,File:EmaTakahataFudo6120.jpg,https://commons.wikimedia.org/wiki/File:EmaTakahataFudo6120.jpg,https://upload.wikimedia.org/wikipedia/commons/8/8d/EmaTakahataFudo6120.jpg?utm_source=commons.wikimedia.org&utm_campaign=imageinfo&utm_content=original,https://thumb.wikimedia.org/wikipedia/commons/thumb/8/8d/EmaTakahataFudo6120.jpg/960px-EmaTakahataFudo6120.jpg?utm_source=commons.wikimedia.org&utm_campaign=imageinfo&utm_content=thumbnail,image/jpeg,1250,874,,Public domain,,Public domain,,,,,2026-09-23T09:57:56.351731+00:00,True
commons-0167,buddhist,votive_object,Category:Ema (Buddhism),201569,File:EmaHijikataToshizo6122.jpg,https://commons.wikimedia.org/wiki/File:EmaHijikataToshizo6122.jpg,https://upload.wikimedia.org/wikipedia/commons/8/84/EmaHijikataToshizo6122.jpg?utm_source=commons.wikimedia.org&utm_campaign=imageinfo&utm_content=original,https://thumb.wikimedia.org/wikipedia/commons/thumb/8/84/EmaHijikataToshizo6122.jpg/960px-EmaHijikataToshizo6122.jpg?utm_source=commons.wikimedia.org&utm_campaign=imageinfo&utm_content=thumbnail,image/jpeg,1250,774,,Public domain,,Public domain,,,,,2026-09-23T09:57:56.351731+00:00,True
commons-0168,buddhist,votive_object,Category:Ema (Buddhism),7809315,File:Ishiyamadera47n4272.jpg,https://commons.wikimedia.org/wiki/File:Ishiyamadera47n4272.jpg,https://upload.wikimedia.org/wikipedia/commons/b/bd/Ishiyamadera47n4272.jpg?utm_source=commons.wikimedia.org&utm_campaign=imageinfo&utm_content=original,https://thumb.wikimedia.org/wikipedia/commons/thumb/b/bd/Ishiyamadera47n4272.jpg/960px-Ishiyamadera47n4272.jpg?utm_source=commons.wikimedia.org&utm_campaign=imageinfo&utm_content=thumbnail,image/jpeg,4272,2848,663highland,CC BY 2.5,https://creativecommons.org/licenses/by/2.5,Creative Commons Attribution 2.5,,Own work,"Ishiyama-dera in Otsu, Shiga prefecture, Japan",2009-05-23,2026-09-23T09:57:56.351731+00:00,True
commons-0169,buddhist,votive_object,Category:Ema (Buddhism),14713520,File:Abuto Kannon 15.JPG,https://commons.wikimedia.org/wiki/File:Abuto_Kannon_15.JPG,https://upload.wikimedia.org/wikipedia/commons/b/b9/Abuto_Kannon_15.JPG?utm_source=commons.wikimedia.org&utm_campaign=imageinfo&utm_content=original,https://thumb.wikimedia.org/wikipedia/commons/thumb/b/b9/Abuto_Kannon_15.JPG/960px-Abuto_Kannon_15.JPG?utm_source=commons.wikimedia.org&utm_campaign=imageinfo&utm_content=thumbnail,image/jpeg,4288,2848,Reggaeman,CC BY-SA 3.0,https://creativecommons.org/licenses/by-sa/3.0,Creative Commons Attribution-Share Alike 3.0,,Own work,"Inside of Abuto Kannon-dō, Bandai-ji",2011-03-26,2026-09-23T09:57:56.351731+00:00,True
commons-0170,buddhist,votive_object,Category:Ema (Buddhism),32219754,File:Emas in Rinnoji Temple.jpg,https://commons.wikimedia.org/wiki/File:Emas_in_Rinnoji_Temple.jpg,https://upload.wikimedia.org/wikipedia/commons/2/26/Emas_in_Rinnoji_Temple.jpg?utm_source=commons.wikimedia.org&utm_campaign=imageinfo&utm_content=original,https://thumb.wikimedia.org/wikipedia/commons/thumb/2/26/Emas_in_Rinnoji_Temple.jpg/960px-Emas_in_Rinnoji_Temple.jpg?utm_source=commons.wikimedia.org&utm_campaign=imageinfo&utm_content=thumbnail,image/jpeg,2448,3264,そらみみ,CC BY-SA 3.0,https://creativecommons.org/licenses/by-sa/3.0,Creative Commons Attribution-Share Alike 3.0,,Own work,輪王寺・絵馬掛け,2014-03-07 13:29:53,2026-09-23T09:57:56.351731+00:00,True
commons-0171,buddhist,votive_object,Category:Ema (Buddhism),33699593,File:Ema with Tachibana (Tendaiji Ninohe).jpg,https://commons.wikimedia.org/wiki/File:Ema_with_Tachibana_(Tendaiji_Ninohe).jpg,https://upload.wikimedia.org/wikipedia/commons/0/08/Ema_with_Tachibana_%28Tendaiji_Ninohe%29.jpg?utm_source=commons.wikimedia.org&utm_campaign=imageinfo&utm_content=original,https://upload.wikimedia.org/wikipedia/commons/0/08/Ema_with_Tachibana_%28Tendaiji_Ninohe%29.jpg?utm_source=commons.wikimedia.org&utm_campaign=imageinfo&utm_content=thumbnail_unscaled,image/jpeg,294,443,Anonymous Edo-period artist,Public domain,,Public domain,,http://www.bunka.pref.iwate.jp/ciss/bunkazai/detail/id/149,"Large Ema with Tachibana, Tendaiji, Ninohe, Iwate, Japan",C18,2026-09-23T09:57:56.351731+00:00,True
commons-0172,buddhist,votive_object,Category:Ema (Buddhism),37319346,File:Ema in Kyoto - August 2013 - Sarah Stierch 02.jpg,https://commons.wikimedia.org/wiki/File:Ema_in_Kyoto_-_August_2013_-_Sarah_Stierch_02.jpg,https://upload.wikimedia.org/wikipedia/commons/d/db/Ema_in_Kyoto_-_August_2013_-_Sarah_Stierch_02.jpg?utm_source=commons.wikimedia.org&utm_campaign=imageinfo&utm_content=original,https://thumb.wikimedia.org/wikipedia/commons/thumb/d/db/Ema_in_Kyoto_-_August_2013_-_Sarah_Stierch_02.jpg/960px-Ema_in_Kyoto_-_August_2013_-_Sarah_Stierch_02.jpg?utm_source=commons.wikimedia.org&utm_campaign=imageinfo&utm_content=thumbnail,image/jpeg,4272,2848,Sarah Stierch,CC BY 4.0,https://creativecommons.org/licenses/by/4.0,Creative Commons Attribution 4.0,,Own work,Ema in Kyoto,2013-08-16 23:08:31,2026-09-23T09:57:56.351731+00:00,True
commons-0173,buddhist,votive_object,Category:Ema (Buddhism),37691494,File:Ema from Angoji (Nanto)1.jpg,https://commons.wikimedia.org/wiki/File:Ema_from_Angoji_(Nanto)1.jpg,https://upload.wikimedia.org/wikipedia/commons/4/41/Ema_from_Angoji_%28Nanto%291.jpg?utm_source=commons.wikimedia.org&utm_campaign=imageinfo&utm_content=original,https://thumb.wikimedia.org/wikipedia/commons/thumb/4/41/Ema_from_Angoji_%28Nanto%291.jpg/960px-Ema_from_Angoji_%28Nanto%291.jpg?utm_source=commons.wikimedia.org&utm_campaign=imageinfo&utm_content=thumbnail,image/jpeg,3544,3072,Momoyama-period artist,Public domain,,Public domain,,http://www2.tkc.pref.toyama.jp/general/stdydtl.aspx?stdycd=00083728&libcd=,"Ema from Angoji, Nanto, Toyama, Japan",Momoyama period (1568-1600),2026-09-23T09:57:56.351731+00:00,True
commons-0174,buddhist,votive_object,Category:Ema (Buddhism),37691498,File:Ema from Angoji (Nanto)2.jpg,https://commons.wikimedia.org/wiki/File:Ema_from_Angoji_(Nanto)2.jpg,https://upload.wikimedia.org/wikipedia/commons/4/49/Ema_from_Angoji_%28Nanto%292.jpg?utm_source=commons.wikimedia.org&utm_campaign=imageinfo&utm_content=original,https://thumb.wikimedia.org/wikipedia/commons/thumb/4/49/Ema_from_Angoji_%28Nanto%292.jpg/960px-Ema_from_Angoji_%28Nanto%292.jpg?utm_source=commons.wikimedia.org&utm_campaign=imageinfo&utm_content=thumbnail,image/jpeg,3699,3132,Momoyama-period artist,Public domain,,Public domain,,http://www2.tkc.pref.toyama.jp/general/stdydtl.aspx?stdycd=00083728&libcd=,"Ema from Angoji, Nanto, Toyama, Japan",Momoyama period (1568-1600),2026-09-23T09:57:56.351731+00:00,True
commons-0175,buddhist,votive_object,Category:Ema (Buddhism),37691506,File:Ema from Angoji (Nanto)3.jpg,https://commons.wikimedia.org/wiki/File:Ema_from_Angoji_(Nanto)3.jpg,https://upload.wikimedia.org/wikipedia/commons/a/ab/Ema_from_Angoji_%28Nanto%293.jpg?utm_source=commons.wikimedia.org&utm_campaign=imageinfo&utm_content=original,https://thumb.wikimedia.org/wikipedia/commons/thumb/a/ab/Ema_from_Angoji_%28Nanto%293.jpg/960px-Ema_from_Angoji_%28Nanto%293.jpg?utm_source=commons.wikimedia.org&utm_campaign=imageinfo&utm_content=thumbnail,image/jpeg,3778,3193,Momoyama-period artist,Public domain,,Public domain,,http://www2.tkc.pref.toyama.jp/general/stdydtl.aspx?stdycd=00083728&libcd=,"Ema from Angoji, Nanto, Toyama, Japan",Momoyama period (1568-1600),2026-09-23T09:57:56.351731+00:00,True
commons-0176,buddhist,votive_object,Category:Ema (Buddhism),48751308,File:Ema.yakkoomamori..gokiso.jinnguji.jpg,https://commons.wikimedia.org/wiki/File:Ema.yakkoomamori..gokiso.jinnguji.jpg,https://upload.wikimedia.org/wikipedia/commons/7/7b/Ema.yakkoomamori..gokiso.jinnguji.jpg?utm_source=commons.wikimedia.org&utm_campaign=imageinfo&utm_content=original,https://thumb.wikimedia.org/wikipedia/commons/thumb/7/7b/Ema.yakkoomamori..gokiso.jinnguji.jpg/960px-Ema.yakkoomamori..gokiso.jinnguji.jpg?utm_source=commons.wikimedia.org&utm_campaign=imageinfo&utm_content=thumbnail,image/jpeg,2832,4256,Yah man3417,CC BY-SA 4.0,https://creativecommons.org/licenses/by-sa/4.0,Creative Commons Attribution-Share Alike 4.0,,Own work,てがた絵馬（奉納時に朱肉で手形をおす）と藥壺御守,Taken on 8 November 2015 09:28:39,2026-09-23T09:57:56.351731+00:00,True
commons-0177,buddhist,votive_object,Category:Ema (Buddhism),52505863,File:Japan 290316 Sensoji 03.jpg,https://commons.wikimedia.org/wiki/File:Japan_290316_Sensoji_03.jpg,https://upload.wikimedia.org/wikipedia/commons/c/cd/Japan_290316_Sensoji_03.jpg?utm_source=commons.wikimedia.org&utm_campaign=imageinfo&utm_content=original,https://thumb.wikimedia.org/wikipedia/commons/thumb/c/cd/Japan_290316_Sensoji_03.jpg/960px-Japan_290316_Sensoji_03.jpg?utm_source=commons.wikimedia.org&utm_campaign=imageinfo&utm_content=thumbnail,image/jpeg,2000,1333,Oren Rozen,CC BY-SA 4.0,https://creativecommons.org/licenses/by-sa/4.0,Creative Commons Attribution-Share Alike 4.0,,Own work,Ema at Tokyo's Sensōji.,"Taken on 29 March 2016, 15:13:26",2026-09-23T09:57:56.351731+00:00,True
commons-0178,buddhist,votive_object,Category:Ema (Buddhism),64144762,File:Cyoumei jizou1.jpg,https://commons.wikimedia.org/wiki/File:Cyoumei_jizou1.jpg,https://upload.wikimedia.org/wikipedia/commons/6/67/Cyoumei_jizou1.jpg?utm_source=commons.wikimedia.org&utm_campaign=imageinfo&utm_content=original,https://thumb.wikimedia.org/wikipedia/commons/thumb/6/67/Cyoumei_jizou1.jpg/960px-Cyoumei_jizou1.jpg?utm_source=commons.wikimedia.org&utm_campaign=imageinfo&utm_content=thumbnail,image/jpeg,4032,3024,Suomi3,CC BY-SA 4.0,https://creativecommons.org/licenses/by-sa/4.0,Creative Commons Attribution-Share Alike 4.0,,Own work,長命地蔵（福井県福井市）,2017-08-29 11:45:01,2026-09-23T09:57:56.351731+00:00,True
commons-0179,buddhist,votive_object,Category:Ema (Buddhism),88430501,"File:Ema at Hozenji, Osaka.jpg","https://commons.wikimedia.org/wiki/File:Ema_at_Hozenji,_Osaka.jpg",https://upload.wikimedia.org/wikipedia/commons/1/1b/Ema_at_Hozenji%2C_Osaka.jpg?utm_source=commons.wikimedia.org&utm_campaign=imageinfo&utm_content=original,https://thumb.wikimedia.org/wikipedia/commons/thumb/1/1b/Ema_at_Hozenji%2C_Osaka.jpg/960px-Ema_at_Hozenji%2C_Osaka.jpg?utm_source=commons.wikimedia.org&utm_campaign=imageinfo&utm_content=thumbnail,image/jpeg,3264,4896,Ethan Doyle White,CC BY-SA 4.0,https://creativecommons.org/licenses/by-sa/4.0,Creative Commons Attribution-Share Alike 4.0,,Own work,Ema hanging up at the Hozenji temple in Osaka.,2019-11-11 08:20:39,2026-09-23T09:57:56.351731+00:00,True
commons-0180,buddhist,votive_object,Category:Ema (Buddhism),131958881,"File:Ema in Zōjō-ji, Tokyo 2015-03-23.jpg","https://commons.wikimedia.org/wiki/File:Ema_in_Z%C5%8Dj%C5%8D-ji,_Tokyo_2015-03-23.jpg",https://upload.wikimedia.org/wikipedia/commons/3/3b/Ema_in_Z%C5%8Dj%C5%8D-ji%2C_Tokyo_2015-03-23.jpg?utm_source=commons.wikimedia.org&utm_campaign=imageinfo&utm_content=original,https://thumb.wikimedia.org/wikipedia/commons/thumb/3/3b/Ema_in_Z%C5%8Dj%C5%8D-ji%2C_Tokyo_2015-03-23.jpg/960px-Ema_in_Z%C5%8Dj%C5%8D-ji%2C_Tokyo_2015-03-23.jpg?utm_source=commons.wikimedia.org&utm_campaign=imageinfo&utm_content=thumbnail,image/jpeg,5616,3744,思弦 張,CC BY 2.0,https://creativecommons.org/licenses/by/2.0,Creative Commons Attribution 2.0,,https://www.flickr.com/photos/small_0323/16938570641/,​增上寺.東京鐵塔週邊(2015櫻花季-東京),2015-03-23 10:36:20,2026-09-23T09:57:56.351731+00:00,True
commons-0181,buddhist,votive_object,Category:Ema (Buddhism),132437952,"File:Bandai-ji, Interior of Kannon-do Hall 001.jpg","https://commons.wikimedia.org/wiki/File:Bandai-ji,_Interior_of_Kannon-do_Hall_001.jpg",https://upload.wikimedia.org/wikipedia/commons/d/d4/Bandai-ji%2C_Interior_of_Kannon-do_Hall_001.jpg?utm_source=commons.wikimedia.org&utm_campaign=imageinfo&utm_content=original,https://thumb.wikimedia.org/wikipedia/commons/thumb/d/d4/Bandai-ji%2C_Interior_of_Kannon-do_Hall_001.jpg/960px-Bandai-ji%2C_Interior_of_Kannon-do_Hall_001.jpg?utm_source=commons.wikimedia.org&utm_campaign=imageinfo&utm_content=thumbnail,image/jpeg,5472,3648,Naokijp,CC BY-SA 4.0,https://creativecommons.org/licenses/by-sa/4.0,Creative Commons Attribution-Share Alike 4.0,,Own work,広島県福山市沼隈町能登原にある臨済宗妙心寺派の阿伏兎観音（磐台寺）。観音堂の内部に安産祈願の手作りの乳房型絵馬が多く奉納されている。,2023-05-04 13:30:40,2026-09-23T09:57:56.351731+00:00,True
commons-0182,buddhist,votive_object,Category:Ema (Buddhism),150405040,File:Ema plaques @ Tobi Fudoson Temple @ Iriya (13824456393).jpg,https://commons.wikimedia.org/wiki/File:Ema_plaques_@_Tobi_Fudoson_Temple_@_Iriya_(13824456393).jpg,https://upload.wikimedia.org/wikipedia/commons/5/54/Ema_plaques_%40_Tobi_Fudoson_Temple_%40_Iriya_%2813824456393%29.jpg?utm_source=commons.wikimedia.org&utm_campaign=imageinfo&utm_content=original,https://thumb.wikimedia.org/wikipedia/commons/thumb/5/54/Ema_plaques_%40_Tobi_Fudoson_Temple_%40_Iriya_%2813824456393%29.jpg/960px-Ema_plaques_%40_Tobi_Fudoson_Temple_%40_Iriya_%2813824456393%29.jpg?utm_source=commons.wikimedia.org&utm_campaign=imageinfo&utm_content=thumbnail,image/jpeg,3968,2976,"Guilhem Vellut from Annecy, France",CC BY 2.0,https://creativecommons.org/licenses/by/2.0,Creative Commons Attribution 2.0,,Ema plaques @ Tobi Fudoson Temple @ Iriya,Ema plaques @ Tobi Fudoson Temple @ Iriya,2014-04-12 12:06,2026-09-23T09:57:56.351731+00:00,True
commons-0183,buddhist,votive_object,Category:Ema (Buddhism),158724504,File:Ema at Mine Yakushido.jpg,https://commons.wikimedia.org/wiki/File:Ema_at_Mine_Yakushido.jpg,https://upload.wikimedia.org/wikipedia/commons/c/c1/Ema_at_Mine_Yakushido.jpg?utm_source=commons.wikimedia.org&utm_campaign=imageinfo&utm_content=original,https://thumb.wikimedia.org/wikipedia/commons/thumb/c/c1/Ema_at_Mine_Yakushido.jpg/960px-Ema_at_Mine_Yakushido.jpg?utm_source=commons.wikimedia.org&utm_campaign=imageinfo&utm_content=thumbnail,image/jpeg,6000,4000,Fred Cherrygarden,CC BY-SA 4.0,https://creativecommons.org/licenses/by-sa/4.0,Creative Commons Attribution-Share Alike 4.0,,Own work,"Ema (prayer boards) at Mine Yakushi-dō in the Chūson-ji temple complex, Hiraizumi.",2024-09-14 08:39:40,2026-09-23T09:57:56.351731+00:00,True
commons-0184,buddhist,architecture_context,Category:Buddhist temples in Japan,11509208,File:Moya hisashi.svg,https://commons.wikimedia.org/wiki/File:Moya_hisashi.svg,https://upload.wikimedia.org/wikipedia/commons/2/27/Moya_hisashi.svg?utm_source=commons.wikimedia.org&utm_campaign=imageinfo&utm_content=original,https://thumb.wikimedia.org/wikipedia/commons/thumb/2/27/Moya_hisashi.svg/960px-Moya_hisashi.svg.png?utm_source=commons.wikimedia.org&utm_campaign=imageinfo&utm_content=thumbnail,image/svg+xml,600,600,Urashimataro,CC BY-SA 3.0,https://creativecommons.org/licenses/by-sa/3.0,Creative Commons Attribution-Share Alike 3.0,,Own work,"A drawing showing the floor plan of a Zen butsuden, with a 1-ken hisashi areound the moya (core) of the building.","Sepàtember 17, 2009",2026-09-23T09:57:56.351731+00:00,True
commons-0185,buddhist,architecture_context,Category:Buddhist temples in Japan,76168257,File:Moya hisashi az.svg,https://commons.wikimedia.org/wiki/File:Moya_hisashi_az.svg,https://upload.wikimedia.org/wikipedia/commons/b/bb/Moya_hisashi_az.svg?utm_source=commons.wikimedia.org&utm_campaign=imageinfo&utm_content=original,https://thumb.wikimedia.org/wikipedia/commons/thumb/b/bb/Moya_hisashi_az.svg/960px-Moya_hisashi_az.svg.png?utm_source=commons.wikimedia.org&utm_campaign=imageinfo&utm_content=thumbnail,image/svg+xml,600,600,Moya hisashi.svg : User:Urashimataro derivative work: White Demon,CC BY-SA 3.0,https://creativecommons.org/licenses/by-sa/3.0,Creative Commons Attribution-Share Alike 3.0,,This file was derived from: Moya hisashi.svg :,Moya və hisaşi diaqramla,2019-01-28,2026-09-23T09:57:56.351731+00:00,True
commons-0186,buddhist,architecture_context,Category:Buddhist temples in Japan,148610875,File:A samurai in official costume.jpg,https://commons.wikimedia.org/wiki/File:A_samurai_in_official_costume.jpg,https://upload.wikimedia.org/wikipedia/commons/8/8c/A_samurai_in_official_costume.jpg?utm_source=commons.wikimedia.org&utm_campaign=imageinfo&utm_content=original,https://thumb.wikimedia.org/wikipedia/commons/thumb/8/8c/A_samurai_in_official_costume.jpg/960px-A_samurai_in_official_costume.jpg?utm_source=commons.wikimedia.org&utm_campaign=imageinfo&utm_content=thumbnail,image/jpeg,3060,4080,Kongu2024KoWa,CC0,http://creativecommons.org/publicdomain/zero/1.0/deed.en,"Creative Commons Zero, Public Domain Dedication",,Own work,a samurai in official costume,2024-03-01 13:24:48,2026-09-23T09:57:56.351731+00:00,True
commons-0187,buddhist,architecture_context,Category:Buddhist temples in Japan,148838373,File:Nun in official costume.jpg,https://commons.wikimedia.org/wiki/File:Nun_in_official_costume.jpg,https://upload.wikimedia.org/wikipedia/commons/6/6b/Nun_in_official_costume.jpg?utm_source=commons.wikimedia.org&utm_campaign=imageinfo&utm_content=original,https://thumb.wikimedia.org/wikipedia/commons/thumb/6/6b/Nun_in_official_costume.jpg/960px-Nun_in_official_costume.jpg?utm_source=commons.wikimedia.org&utm_campaign=imageinfo&utm_content=thumbnail,image/jpeg,3060,4080,Kongu2024KoWa,CC0,http://creativecommons.org/publicdomain/zero/1.0/deed.en,"Creative Commons Zero, Public Domain Dedication",,Own work,nun in official costume,2024-03-01 13:25:22,2026-09-23T09:57:56.351731+00:00,True
commons-0188,buddhist,architecture_context,Category:Buddhist temples in Japan,149290880,File:6 big cedar trees (6 Grandi alberi di cedro).jpg,https://commons.wikimedia.org/wiki/File:6_big_cedar_trees_(6_Grandi_alberi_di_cedro).jpg,https://upload.wikimedia.org/wikipedia/commons/f/ff/6_big_cedar_trees_%286_Grandi_alberi_di_cedro%29.jpg?utm_source=commons.wikimedia.org&utm_campaign=imageinfo&utm_content=original,https://thumb.wikimedia.org/wikipedia/commons/thumb/f/ff/6_big_cedar_trees_%286_Grandi_alberi_di_cedro%29.jpg/960px-6_big_cedar_trees_%286_Grandi_alberi_di_cedro%29.jpg?utm_source=commons.wikimedia.org&utm_campaign=imageinfo&utm_content=thumbnail,image/jpeg,3060,4080,Kongu2024KoWa,CC0,http://creativecommons.org/publicdomain/zero/1.0/deed.en,"Creative Commons Zero, Public Domain Dedication",,Own work,6 big cedar trees,2024-02-14 10:27:52,2026-09-23T09:57:56.351731+00:00,True
commons-0189,buddhist,architecture_context,Category:Buddhist temples in Japan,163588398,File:Buddhist temples near Hamamatsucho (25892).jpg,https://commons.wikimedia.org/wiki/File:Buddhist_temples_near_Hamamatsucho_(25892).jpg,https://upload.wikimedia.org/wikipedia/commons/1/1e/Buddhist_temples_near_Hamamatsucho_%2825892%29.jpg?utm_source=commons.wikimedia.org&utm_campaign=imageinfo&utm_content=original,https://thumb.wikimedia.org/wikipedia/commons/thumb/1/1e/Buddhist_temples_near_Hamamatsucho_%2825892%29.jpg/960px-Buddhist_temples_near_Hamamatsucho_%2825892%29.jpg?utm_source=commons.wikimedia.org&utm_campaign=imageinfo&utm_content=thumbnail,image/jpeg,3072,4080,Syced,CC0,http://creativecommons.org/publicdomain/zero/1.0/deed.en,"Creative Commons Zero, Public Domain Dedication",,Own work,Buddhist temples near Hamamatsucho,13 April 2025,2026-09-23T09:57:56.351731+00:00,True
commons-0190,buddhist,architecture_context,Category:Buddhist temples in Japan,181505085,File:福泉寺.jpg,https://commons.wikimedia.org/wiki/File:%E7%A6%8F%E6%B3%89%E5%AF%BA.jpg,https://upload.wikimedia.org/wikipedia/commons/6/6c/%E7%A6%8F%E6%B3%89%E5%AF%BA.jpg?utm_source=commons.wikimedia.org&utm_campaign=imageinfo&utm_content=original,https://thumb.wikimedia.org/wikipedia/commons/thumb/6/6c/%E7%A6%8F%E6%B3%89%E5%AF%BA.jpg/960px-%E7%A6%8F%E6%B3%89%E5%AF%BA.jpg?utm_source=commons.wikimedia.org&utm_campaign=imageinfo&utm_content=thumbnail,image/jpeg,4000,3000,Syced,CC0,http://creativecommons.org/publicdomain/zero/1.0/deed.en,"Creative Commons Zero, Public Domain Dedication",,Own work,".mw-parser-output .messagebox{margin:4px 0;width:auto;border-collapse:collapse;border:2px solid var(--border-color-progressive,#6485d1);background-color:var(--background-color-neutral-subtle,#fbfcff);color:var(--color-base,#202122);box-sizing:border-box;border-inline-start-width:8px}.mw-parser-output .messagebox.mbox-small{font-size:88%;line-height:1.25em}.mw-parser-output .mbox-warning,.mw-parser-output .mbox-speedy{border:2px solid var(--border-color-error,#b22222);background:var(--background-color-error-subtle,#ffdbdb);border-inline-start-width:8px}.mw-parser-output .mbox-serious,.mw-parser-output .mbox-delete,.mw-parser-output .mbox-stop{border:2px solid var(--border-color-error,#b22222);border-inline-start-width:8px}.mw-parser-output .mbox-issue,.mw-parser-output .mbox-content{border:2px solid #f28500;background:var(--background-color-warning-subtle,#ffe);border-inline-start-width:8px}.mw-parser-output .mbox-query,.mw-parser-output .mbox-style{border:2px solid #f4c430;background:var(--background-color-warning-subtle,#ffe);border-inline-start-width:8px}.mw-parser-output .mbox-shit{border:2px solid #960;border-inline-start-width:8px}.mw-parser-output .mbox-license{border:2px solid #88a;border-inline-start-width:initial}.mw-parser-output .mbox-legal{border:2px solid var(--border-color-notice,#666);background:var(--background-color-base,#fff);border-inline-start-width:8px}.mw-parser-output .mbox-honor{border:2px solid #ca3;background:var(--background-color-warning-subtle,#fcf4db);border-inline-start-width:8px}.mw-parser-output .mbox-growth{border:2px solid #8d4;background:var(--background-color-success-subtle,#d5fdf4);border-inline-start-width:8px}.mw-parser-output .mbox-move{border:2px solid #93c;border-inline-start-width:8px}.mw-parser-output .mbox-protection,.mw-parser-output .mbox-message{border:2px solid var(--border-color-base,#aaa);border-inline-start-width:8px}.mw-parser-output .messagebox .mbox-text{border:none;padding:0.25em 0.9em;width:100%}.mw-parser-output .messagebox .mbox-image{border:none;padding-top:2px;padding-bottom:2px;padding-inline-start:0.9em;padding-inline-end:0;text-align:center}.mw-parser-output .messagebox .mbox-imageright{border:none;padding-top:2px;padding-bottom:2px;padding-inline-start:0;padding-inline-end:0.9em;text-align:center}.mw-parser-output .messagebox .mbox-empty-cell{border:none;padding:0;width:1px}.mw-parser-output .messagebox .mbox-invalid-type{text-align:center}@media(min-width:720px){.mw-parser-output .messagebox{margin:4px 10%}.mw-parser-output .messagebox.mbox-small{clear:right;float:right;margin:4px 0 4px 1em;width:238px}}body.skin--responsive .mw-parser-output table.messagebox img{max-width:none!important} Wikidata has entry Entoku-ji Temple (Q122069189) with data related to this item.",25 December 2025 (according to Exif data),2026-09-23T09:57:56.351731+00:00,True
commons-0191,buddhist,architecture_context,Category:Buddhist temples in Japan,195856321,File:Osorezan - Osorezan6993.jpg,https://commons.wikimedia.org/wiki/File:Osorezan_-_Osorezan6993.jpg,https://upload.wikimedia.org/wikipedia/commons/7/70/Osorezan_-_Osorezan6993.jpg?utm_source=commons.wikimedia.org&utm_campaign=imageinfo&utm_content=original,https://thumb.wikimedia.org/wikipedia/commons/thumb/7/70/Osorezan_-_Osorezan6993.jpg/960px-Osorezan_-_Osorezan6993.jpg?utm_source=commons.wikimedia.org&utm_campaign=imageinfo&utm_content=thumbnail,image/jpeg,5341,3243,lumoplank,CC0,http://creativecommons.org/publicdomain/zero/1.0/deed.en,"Creative Commons Zero, Public Domain Dedication",,https://www.flickr.com/photos/199350666@N08/55103449642,"Temple complex buildings at Osorezan, viewed from an elevated position with autumn foliage on the surrounding hills.",2025-10-26,2026-09-23T09:57:56.351731+00:00,True
commons-0192,buddhist,architecture_context,Category:Buddhist temples in Japan,195928557,File:Miyajima- Part III - Mount Misen - Miyajima512.jpg,https://commons.wikimedia.org/wiki/File:Miyajima-_Part_III_-_Mount_Misen_-_Miyajima512.jpg,https://upload.wikimedia.org/wikipedia/commons/7/70/Miyajima-_Part_III_-_Mount_Misen_-_Miyajima512.jpg?utm_source=commons.wikimedia.org&utm_campaign=imageinfo&utm_content=original,https://thumb.wikimedia.org/wikipedia/commons/thumb/7/70/Miyajima-_Part_III_-_Mount_Misen_-_Miyajima512.jpg/960px-Miyajima-_Part_III_-_Mount_Misen_-_Miyajima512.jpg?utm_source=commons.wikimedia.org&utm_campaign=imageinfo&utm_content=thumbnail,image/jpeg,5080,3810,lumoplank,CC0,http://creativecommons.org/publicdomain/zero/1.0/deed.en,"Creative Commons Zero, Public Domain Dedication",,https://www.flickr.com/photos/199350666@N08/53346024621,"A two-storied Buddhist temple gate on Mount Misen, Miyajima, with stone steps leading to further shrine structures among forested hillside.",2023-11-20,2026-09-23T09:57:56.351731+00:00,True
commons-0193,buddhist,architecture_context,Category:Buddhist temples in Japan,195957496,File:Asakusa - Asakusa111.jpg,https://commons.wikimedia.org/wiki/File:Asakusa_-_Asakusa111.jpg,https://upload.wikimedia.org/wikipedia/commons/d/de/Asakusa_-_Asakusa111.jpg?utm_source=commons.wikimedia.org&utm_campaign=imageinfo&utm_content=original,https://thumb.wikimedia.org/wikipedia/commons/thumb/d/de/Asakusa_-_Asakusa111.jpg/960px-Asakusa_-_Asakusa111.jpg?utm_source=commons.wikimedia.org&utm_campaign=imageinfo&utm_content=thumbnail,image/jpeg,3370,5055,lumoplank,CC0,http://creativecommons.org/publicdomain/zero/1.0/deed.en,"Creative Commons Zero, Public Domain Dedication",,https://www.flickr.com/photos/199350666@N08/53264463590,"The five-story pagoda of Senso-ji temple, illuminated at night.",2023-10-16,2026-09-23T09:57:56.351731+00:00,True
commons-0194,buddhist,architecture_context,Category:Buddhist temples in Japan,195969722,"File:Tokyo, Assorted - Tokyo624.jpg","https://commons.wikimedia.org/wiki/File:Tokyo,_Assorted_-_Tokyo624.jpg",https://upload.wikimedia.org/wikipedia/commons/6/63/Tokyo%2C_Assorted_-_Tokyo624.jpg?utm_source=commons.wikimedia.org&utm_campaign=imageinfo&utm_content=original,https://thumb.wikimedia.org/wikipedia/commons/thumb/6/63/Tokyo%2C_Assorted_-_Tokyo624.jpg/960px-Tokyo%2C_Assorted_-_Tokyo624.jpg?utm_source=commons.wikimedia.org&utm_campaign=imageinfo&utm_content=thumbnail,image/jpeg,5080,3387,lumoplank,CC0,http://creativecommons.org/publicdomain/zero/1.0/deed.en,"Creative Commons Zero, Public Domain Dedication",,https://www.flickr.com/photos/199350666@N08/53409931440,"A shopping street leading toward Naritasan temple, lined with traditional shops and pedestrians",2023-12-19,2026-09-23T09:57:56.351731+00:00,True
commons-0195,buddhist,architecture_context,Category:Buddhist temples in Japan,198068078,File:Temples in Tokyo (71517).jpg,https://commons.wikimedia.org/wiki/File:Temples_in_Tokyo_(71517).jpg,https://upload.wikimedia.org/wikipedia/commons/a/aa/Temples_in_Tokyo_%2871517%29.jpg?utm_source=commons.wikimedia.org&utm_campaign=imageinfo&utm_content=original,https://thumb.wikimedia.org/wikipedia/commons/thumb/a/aa/Temples_in_Tokyo_%2871517%29.jpg/960px-Temples_in_Tokyo_%2871517%29.jpg?utm_source=commons.wikimedia.org&utm_campaign=imageinfo&utm_content=thumbnail,image/jpeg,4000,3000,Syced,CC0,http://creativecommons.org/publicdomain/zero/1.0/deed.en,"Creative Commons Zero, Public Domain Dedication",,Own work,Temples in Tokyo,23 August 2026 (according to Exif data),2026-09-23T09:57:56.351731+00:00,True
commons-0196,buddhist,architecture_context,Category:Buddhist temples in Japan,7100099,File:Fujiage pagoda01.jpg,https://commons.wikimedia.org/wiki/File:Fujiage_pagoda01.jpg,https://upload.wikimedia.org/wikipedia/commons/c/c5/Fujiage_pagoda01.jpg?utm_source=commons.wikimedia.org&utm_campaign=imageinfo&utm_content=original,https://thumb.wikimedia.org/wikipedia/commons/thumb/c/c5/Fujiage_pagoda01.jpg/960px-Fujiage_pagoda01.jpg?utm_source=commons.wikimedia.org&utm_campaign=imageinfo&utm_content=thumbnail,image/jpeg,1536,1024,"takami torao ( Koiroha ( talk ) 19:05, 22 June 2009 (UTC))",Public domain,,Public domain,,Own work,"Nonamed Stone Pagodas. Agi Nakatsugawa City, Gifu Pref, Japan",2009-06-14,2026-09-23T09:57:56.351731+00:00,True
commons-0197,buddhist,architecture_context,Category:Buddhist temples in Japan,7100255,File:Batokannon fujiage01.jpg,https://commons.wikimedia.org/wiki/File:Batokannon_fujiage01.jpg,https://upload.wikimedia.org/wikipedia/commons/9/91/Batokannon_fujiage01.jpg?utm_source=commons.wikimedia.org&utm_campaign=imageinfo&utm_content=original,https://thumb.wikimedia.org/wikipedia/commons/thumb/9/91/Batokannon_fujiage01.jpg/960px-Batokannon_fujiage01.jpg?utm_source=commons.wikimedia.org&utm_campaign=imageinfo&utm_content=thumbnail,image/jpeg,1536,1024,"takami torao ( Koiroha ( talk ) 19:25, 22 June 2009 (UTC))",Public domain,,Public domain,,Own work,"Nonamed Stone Pagodas. Agi Nakatsugawa City, Gifu Pref, Japan",2009-06-14,2026-09-23T09:57:56.351731+00:00,True
commons-0198,buddhist,architecture_context,Category:Buddhist temples in Japan,7100257,File:Batokannon oono01.jpg,https://commons.wikimedia.org/wiki/File:Batokannon_oono01.jpg,https://upload.wikimedia.org/wikipedia/commons/e/e9/Batokannon_oono01.jpg?utm_source=commons.wikimedia.org&utm_campaign=imageinfo&utm_content=original,https://thumb.wikimedia.org/wikipedia/commons/thumb/e/e9/Batokannon_oono01.jpg/960px-Batokannon_oono01.jpg?utm_source=commons.wikimedia.org&utm_campaign=imageinfo&utm_content=thumbnail,image/jpeg,1536,1024,"takami torao ( Koiroha ( talk ) 19:25, 22 June 2009 (UTC))",Public domain,,Public domain,,Own work,"Nonamed Stone Pagodas. Agi Nakatsugawa City, Gifu Pref, Japan",2009-06-14,2026-09-23T09:57:56.351731+00:00,True
commons-0199,buddhist,architecture_context,Category:Buddhist temples in Japan,62113319,File:Chuttersnap 2017-01-09 (Unsplash dlU8Eygyj-4).jpg,https://commons.wikimedia.org/wiki/File:Chuttersnap_2017-01-09_(Unsplash_dlU8Eygyj-4).jpg,https://upload.wikimedia.org/wikipedia/commons/8/81/Chuttersnap_2017-01-09_%28Unsplash_dlU8Eygyj-4%29.jpg?utm_source=commons.wikimedia.org&utm_campaign=imageinfo&utm_content=original,https://thumb.wikimedia.org/wikipedia/commons/thumb/8/81/Chuttersnap_2017-01-09_%28Unsplash_dlU8Eygyj-4%29.jpg/960px-Chuttersnap_2017-01-09_%28Unsplash_dlU8Eygyj-4%29.jpg?utm_source=commons.wikimedia.org&utm_campaign=imageinfo&utm_content=thumbnail,image/jpeg,6016,4016,chuttersnap chuttersnap,CC0,http://creativecommons.org/publicdomain/zero/1.0/deed.en,"Creative Commons Zero, Public Domain Dedication",,https://unsplash.com/photos/dlU8Eygyj-4 archive copy at the Wayback Machine,chuttersnap 2017-01-09,2017-01-09,2026-09-23T09:57:56.351731+00:00,True
commons-0200,buddhist,architecture_context,Category:Buddhist temples in Japan,104486195,File:Bio technology.jpg,https://commons.wikimedia.org/wiki/File:Bio_technology.jpg,https://upload.wikimedia.org/wikipedia/commons/f/f7/Bio_technology.jpg?utm_source=commons.wikimedia.org&utm_campaign=imageinfo&utm_content=original,https://thumb.wikimedia.org/wikipedia/commons/thumb/f/f7/Bio_technology.jpg/960px-Bio_technology.jpg?utm_source=commons.wikimedia.org&utm_campaign=imageinfo&utm_content=thumbnail,image/jpeg,1125,1500,上野 悠貴,CC BY-SA 4.0,https://creativecommons.org/licenses/by-sa/4.0,Creative Commons Attribution-Share Alike 4.0,,Own work,bio technology,2021-04-27,2026-09-23T09:57:56.351731+00:00,True
commons-0201,buddhist,architecture_context,Category:Buddhist temples in Japan,195928296,File:Aizuwakamatsu and Goshikinuma - Aizuwakamatsu7496.jpg,https://commons.wikimedia.org/wiki/File:Aizuwakamatsu_and_Goshikinuma_-_Aizuwakamatsu7496.jpg,https://upload.wikimedia.org/wikipedia/commons/2/2d/Aizuwakamatsu_and_Goshikinuma_-_Aizuwakamatsu7496.jpg?utm_source=commons.wikimedia.org&utm_campaign=imageinfo&utm_content=original,https://thumb.wikimedia.org/wikipedia/commons/thumb/2/2d/Aizuwakamatsu_and_Goshikinuma_-_Aizuwakamatsu7496.jpg/960px-Aizuwakamatsu_and_Goshikinuma_-_Aizuwakamatsu7496.jpg?utm_source=commons.wikimedia.org&utm_campaign=imageinfo&utm_content=thumbnail,image/jpeg,3590,4786,lumoplank,CC0,http://creativecommons.org/publicdomain/zero/1.0/deed.en,"Creative Commons Zero, Public Domain Dedication",,https://www.flickr.com/photos/199350666@N08/55153350905,"Aizu Sazaedo in Aizuwakamatsu - world's only temple with an internal double-helix staircase, so people ascending never cross those descending.",2026-03-17,2026-09-23T09:57:56.351731+00:00,True
commons-0202,christian,architecture_context,Category:Churches in Japan,163406246,"File:Postkaart met foto van een kerk in puin na de aardbeving van 1923 te Japan, asset tMhaSMGYfVZHUaKsXJJpC60b.tif","https://commons.wikimedia.org/wiki/File:Postkaart_met_foto_van_een_kerk_in_puin_na_de_aardbeving_van_1923_te_Japan,_asset_tMhaSMGYfVZHUaKsXJJpC60b.tif",https://upload.wikimedia.org/wikipedia/commons/3/37/Postkaart_met_foto_van_een_kerk_in_puin_na_de_aardbeving_van_1923_te_Japan%2C_asset_tMhaSMGYfVZHUaKsXJJpC60b.tif?utm_source=commons.wikimedia.org&utm_campaign=imageinfo&utm_content=original,https://thumb.wikimedia.org/wikipedia/commons/thumb/3/37/Postkaart_met_foto_van_een_kerk_in_puin_na_de_aardbeving_van_1923_te_Japan%2C_asset_tMhaSMGYfVZHUaKsXJJpC60b.tif/lossy-page1-960px-Postkaart_met_foto_van_een_kerk_in_puin_na_de_aardbeving_van_1923_te_Japan%2C_asset_tMhaSMGYfVZHUaKsXJJpC60b.tif.jpg?utm_source=commons.wikimedia.org&utm_campaign=imageinfo&utm_content=thumbnail,image/tiff,1455,2208,Unknown author Unknown author,CC0,http://creativecommons.org/publicdomain/zero/1.0/deed.en,"Creative Commons Zero, Public Domain Dedication",,https://dams.antwerpen.be/asset/tMhaSMGYfVZHUaKsXJJpC60b,Title: Postkaart met foto van een kerk in puin na de aardbeving van 1923 te Japan Format original: hoogte 13.8 cm (geheel) breedte 9 cm (geheel) Type: ansichtkaart Category: uit de museumcollecties van MAS,Unknown date,2026-09-23T09:57:56.351731+00:00,True
commons-0203,christian,architecture_context,Category:Churches in Japan,10496186,File:Kobe Union Church01n3200.jpg,https://commons.wikimedia.org/wiki/File:Kobe_Union_Church01n3200.jpg,https://upload.wikimedia.org/wikipedia/commons/f/fd/Kobe_Union_Church01n3200.jpg?utm_source=commons.wikimedia.org&utm_campaign=imageinfo&utm_content=original,https://thumb.wikimedia.org/wikipedia/commons/thumb/f/fd/Kobe_Union_Church01n3200.jpg/960px-Kobe_Union_Church01n3200.jpg?utm_source=commons.wikimedia.org&utm_campaign=imageinfo&utm_content=thumbnail,image/jpeg,2133,3200,663highland,CC BY 2.5,https://creativecommons.org/licenses/by/2.5,Creative Commons Attribution 2.5,,Own work,"Former Kobe Union Church ( Cafe FREUNDLIEB ) in Kobe , Hyogo prefecture , Japan",2010-05-03,2026-09-23T09:57:56.351731+00:00,True
commons-0204,christian,architecture_context,Category:Churches in Japan,20467884,File:Cityscapes of Hakodate Hokkaido pref Japan02n.jpg,https://commons.wikimedia.org/wiki/File:Cityscapes_of_Hakodate_Hokkaido_pref_Japan02n.jpg,https://upload.wikimedia.org/wikipedia/commons/1/1a/Cityscapes_of_Hakodate_Hokkaido_pref_Japan02n.jpg?utm_source=commons.wikimedia.org&utm_campaign=imageinfo&utm_content=original,https://thumb.wikimedia.org/wikipedia/commons/thumb/1/1a/Cityscapes_of_Hakodate_Hokkaido_pref_Japan02n.jpg/960px-Cityscapes_of_Hakodate_Hokkaido_pref_Japan02n.jpg?utm_source=commons.wikimedia.org&utm_campaign=imageinfo&utm_content=thumbnail,image/jpeg,4845,3230,663highland,CC BY 2.5,https://creativecommons.org/licenses/by/2.5,Creative Commons Attribution 2.5,,Own work,"Cityscapes of Hakodate , Hokkaido prefecture , Japan",2012-07-26,2026-09-23T09:57:56.351731+00:00,True
commons-0205,christian,architecture_context,Category:Churches in Japan,20624506,File:St Johns Church Hakodate Hokkaido Japan01n.jpg,https://commons.wikimedia.org/wiki/File:St_Johns_Church_Hakodate_Hokkaido_Japan01n.jpg,https://upload.wikimedia.org/wikipedia/commons/d/db/St_Johns_Church_Hakodate_Hokkaido_Japan01n.jpg?utm_source=commons.wikimedia.org&utm_campaign=imageinfo&utm_content=original,https://thumb.wikimedia.org/wikipedia/commons/thumb/d/db/St_Johns_Church_Hakodate_Hokkaido_Japan01n.jpg/960px-St_Johns_Church_Hakodate_Hokkaido_Japan01n.jpg?utm_source=commons.wikimedia.org&utm_campaign=imageinfo&utm_content=thumbnail,image/jpeg,4912,3264,663highland,CC BY 2.5,https://creativecommons.org/licenses/by/2.5,Creative Commons Attribution 2.5,,Own work,"St. John's Church Hakodate in Hakodate , Hokkaido prefecture , Japan",2012-07-26,2026-09-23T09:57:56.351731+00:00,True
commons-0206,christian,architecture_context,Category:Churches in Japan,1357036,File:Ibaraki Kasugaoka Church light cross.jpg,https://commons.wikimedia.org/wiki/File:Ibaraki_Kasugaoka_Church_light_cross.jpg,https://upload.wikimedia.org/wikipedia/commons/4/4b/Ibaraki_Kasugaoka_Church_light_cross.jpg?utm_source=commons.wikimedia.org&utm_campaign=imageinfo&utm_content=original,https://thumb.wikimedia.org/wikipedia/commons/thumb/4/4b/Ibaraki_Kasugaoka_Church_light_cross.jpg/960px-Ibaraki_Kasugaoka_Church_light_cross.jpg?utm_source=commons.wikimedia.org&utm_campaign=imageinfo&utm_content=thumbnail,image/jpeg,1070,803,taken by Bergmann,CC BY-SA 3.0,http://creativecommons.org/licenses/by-sa/3.0/,Creative Commons Attribution-Share Alike 3.0,,ja:Image:Ibaraki_Kasugaoka_Church_Light_Cross.JPG,茨木春日丘教会の教会堂である「光の教会」のシンボル、光の十字架。2006年10月9日に投稿者が撮影。,2006-10-09,2026-09-23T09:57:56.351731+00:00,True
commons-0207,christian,architecture_context,Category:Churches in Japan,12884173,File:Church of Light.JPG,https://commons.wikimedia.org/wiki/File:Church_of_Light.JPG,https://upload.wikimedia.org/wikipedia/commons/c/c6/Church_of_Light.JPG?utm_source=commons.wikimedia.org&utm_campaign=imageinfo&utm_content=original,https://thumb.wikimedia.org/wikipedia/commons/thumb/c/c6/Church_of_Light.JPG/960px-Church_of_Light.JPG?utm_source=commons.wikimedia.org&utm_campaign=imageinfo&utm_content=thumbnail,image/jpeg,1536,2048,The original uploader was Bujatt at English Wikipedia .,CC BY-SA 2.5,https://creativecommons.org/licenses/by-sa/2.5,Creative Commons Attribution-Share Alike 2.5,,Transferred from en.wikipedia to Commons by Arch2all using CommonsHelper .,"Interior of the Church of the Light, designed by Tadao Ando, in Ibaraki, Osaka Prefecture. I, Attila Bujdosó took this picture on 18/03/2005 in Osaka, Japan.",22 August 2006 (original upload date),2026-09-23T09:57:56.351731+00:00,True
commons-0208,christian,architecture_context,Category:Churches in Japan,14735104,File:Nanzan Church 1062.JPG,https://commons.wikimedia.org/wiki/File:Nanzan_Church_1062.JPG,https://upload.wikimedia.org/wikipedia/commons/b/b1/Nanzan_Church_1062.JPG?utm_source=commons.wikimedia.org&utm_campaign=imageinfo&utm_content=original,https://thumb.wikimedia.org/wikipedia/commons/thumb/b/b1/Nanzan_Church_1062.JPG/960px-Nanzan_Church_1062.JPG?utm_source=commons.wikimedia.org&utm_campaign=imageinfo&utm_content=thumbnail,image/jpeg,2272,1704,Gryffindor,CC BY-SA 3.0,https://creativecommons.org/licenses/by-sa/3.0,Creative Commons Attribution-Share Alike 3.0,,Own work,"Nanzan Catholic Church in Nagoya, central Japan.",2011,2026-09-23T09:57:56.351731+00:00,True
commons-0209,christian,architecture_context,Category:Churches in Japan,25098032,"File:Matsugamine Catholic Church (Utsunomiya, Tochigi) - interior, nave.jpg","https://commons.wikimedia.org/wiki/File:Matsugamine_Catholic_Church_(Utsunomiya,_Tochigi)_-_interior,_nave.jpg",https://upload.wikimedia.org/wikipedia/commons/3/30/Matsugamine_Catholic_Church_%28Utsunomiya%2C_Tochigi%29_-_interior%2C_nave.jpg?utm_source=commons.wikimedia.org&utm_campaign=imageinfo&utm_content=original,https://thumb.wikimedia.org/wikipedia/commons/thumb/3/30/Matsugamine_Catholic_Church_%28Utsunomiya%2C_Tochigi%29_-_interior%2C_nave.jpg/960px-Matsugamine_Catholic_Church_%28Utsunomiya%2C_Tochigi%29_-_interior%2C_nave.jpg?utm_source=commons.wikimedia.org&utm_campaign=imageinfo&utm_content=thumbnail,image/jpeg,3264,2448,Nheyob,CC BY-SA 3.0,https://creativecommons.org/licenses/by-sa/3.0,Creative Commons Attribution-Share Alike 3.0,,Own work,"Matsugamine Catholic Church (Utsunomiya, Tochigi) - interior, nave",2010-03-21 00:52:13,2026-09-23T09:57:56.351731+00:00,True
commons-0210,christian,architecture_context,Category:Churches in Japan,28343217,File:Karuizawa UC 03.JPG,https://commons.wikimedia.org/wiki/File:Karuizawa_UC_03.JPG,https://upload.wikimedia.org/wikipedia/commons/7/7d/Karuizawa_UC_03.JPG?utm_source=commons.wikimedia.org&utm_campaign=imageinfo&utm_content=original,https://thumb.wikimedia.org/wikipedia/commons/thumb/7/7d/Karuizawa_UC_03.JPG/960px-Karuizawa_UC_03.JPG?utm_source=commons.wikimedia.org&utm_campaign=imageinfo&utm_content=thumbnail,image/jpeg,2448,3264,Ellif d.a,CC BY 3.0,https://creativecommons.org/licenses/by/3.0,Creative Commons Attribution 3.0,,Own work,"A Inner view of Karuizawa Union Church , which was designed by en:William Merrell Vories , and constructed by W. M. Vories architectural design office .",2012-07-02 14:30:26,2026-09-23T09:57:56.351731+00:00,True
commons-0211,christian,architecture_context,Category:Churches in Japan,28343219,File:Karuizawa UC 04.JPG,https://commons.wikimedia.org/wiki/File:Karuizawa_UC_04.JPG,https://upload.wikimedia.org/wikipedia/commons/9/96/Karuizawa_UC_04.JPG?utm_source=commons.wikimedia.org&utm_campaign=imageinfo&utm_content=original,https://thumb.wikimedia.org/wikipedia/commons/thumb/9/96/Karuizawa_UC_04.JPG/960px-Karuizawa_UC_04.JPG?utm_source=commons.wikimedia.org&utm_campaign=imageinfo&utm_content=thumbnail,image/jpeg,2448,3264,Ellif d.a,CC BY 3.0,https://creativecommons.org/licenses/by/3.0,Creative Commons Attribution 3.0,,Own work,"A Inner view of Karuizawa Union Church , which was designed by en:William Merrell Vories , and constructed by W. M. Vories architectural design office .",2012-07-02 14:34:14,2026-09-23T09:57:56.351731+00:00,True
commons-0212,christian,architecture_context,Category:Churches in Japan,33686885,File:Kruisweg Kokura-1.jpg,https://commons.wikimedia.org/wiki/File:Kruisweg_Kokura-1.jpg,https://upload.wikimedia.org/wikipedia/commons/0/0b/Kruisweg_Kokura-1.jpg?utm_source=commons.wikimedia.org&utm_campaign=imageinfo&utm_content=original,https://thumb.wikimedia.org/wikipedia/commons/thumb/0/0b/Kruisweg_Kokura-1.jpg/960px-Kruisweg_Kokura-1.jpg?utm_source=commons.wikimedia.org&utm_campaign=imageinfo&utm_content=thumbnail,image/jpeg,1280,960,Butch,CC BY-SA 3.0,https://creativecommons.org/licenses/by-sa/3.0,Creative Commons Attribution-Share Alike 3.0,,Own work,"Stations of the Cross in a wedding chapel in Kokura, Japan.",2011-05-20 17:05:39,2026-09-23T09:57:56.351731+00:00,True
commons-0213,christian,architecture_context,Category:Churches in Japan,60150344,File:Catholic Beppu Church1.jpg,https://commons.wikimedia.org/wiki/File:Catholic_Beppu_Church1.jpg,https://upload.wikimedia.org/wikipedia/commons/0/07/Catholic_Beppu_Church1.jpg?utm_source=commons.wikimedia.org&utm_campaign=imageinfo&utm_content=original,https://upload.wikimedia.org/wikipedia/commons/0/07/Catholic_Beppu_Church1.jpg?utm_source=commons.wikimedia.org&utm_campaign=imageinfo&utm_content=thumbnail_unscaled,image/jpeg,780,878,ベアトリス,CC BY-SA 3.0,https://creativecommons.org/licenses/by-sa/3.0,Creative Commons Attribution-Share Alike 3.0,,Own work,カトリック別府教会,2015,2026-09-23T09:57:56.351731+00:00,True
commons-0214,christian,architecture_context,Category:Churches in Japan,76006045,File:Chapel on the water 2012.jpg,https://commons.wikimedia.org/wiki/File:Chapel_on_the_water_2012.jpg,https://upload.wikimedia.org/wikipedia/commons/7/73/Chapel_on_the_water_2012.jpg?utm_source=commons.wikimedia.org&utm_campaign=imageinfo&utm_content=original,https://thumb.wikimedia.org/wikipedia/commons/thumb/7/73/Chapel_on_the_water_2012.jpg/960px-Chapel_on_the_water_2012.jpg?utm_source=commons.wikimedia.org&utm_campaign=imageinfo&utm_content=thumbnail,image/jpeg,4368,2912,Photocon Japan,CC BY-SA 2.0,https://creativecommons.org/licenses/by-sa/2.0,Creative Commons Attribution-Share Alike 2.0,,水の教会,水の教会,2012-02-24 19:44,2026-09-23T09:57:56.351731+00:00,True
commons-0215,christian,architecture_context,Category:Churches in Japan,81989224,File:Chapel on the water. (8134924979).jpg,https://commons.wikimedia.org/wiki/File:Chapel_on_the_water._(8134924979).jpg,https://upload.wikimedia.org/wikipedia/commons/4/48/Chapel_on_the_water._%288134924979%29.jpg?utm_source=commons.wikimedia.org&utm_campaign=imageinfo&utm_content=original,https://thumb.wikimedia.org/wikipedia/commons/thumb/4/48/Chapel_on_the_water._%288134924979%29.jpg/960px-Chapel_on_the_water._%288134924979%29.jpg?utm_source=commons.wikimedia.org&utm_campaign=imageinfo&utm_content=thumbnail,image/jpeg,4642,3094,"MIKI Yoshihito from Sapporo City,Hokkaido., JAPAN",CC BY 2.0,https://creativecommons.org/licenses/by/2.0,Creative Commons Attribution 2.0,,Chapel on the water.,"安藤忠雄氏が設計した「水の教会」。 <a href="" http://www.snowtomamu.jp/ "" rel=""noreferrer nofollow"">TOMAMU Resort</a>.",2012-10-27 21:20,2026-09-23T09:57:56.351731+00:00,True
commons-0216,christian,architecture_context,Category:Churches in Japan,84431168,File:Maebashi Orthodox Church 2019-11-28 (2) sa.jpg,https://commons.wikimedia.org/wiki/File:Maebashi_Orthodox_Church_2019-11-28_(2)_sa.jpg,https://upload.wikimedia.org/wikipedia/commons/5/5d/Maebashi_Orthodox_Church_2019-11-28_%282%29_sa.jpg?utm_source=commons.wikimedia.org&utm_campaign=imageinfo&utm_content=original,https://thumb.wikimedia.org/wikipedia/commons/thumb/5/5d/Maebashi_Orthodox_Church_2019-11-28_%282%29_sa.jpg/960px-Maebashi_Orthodox_Church_2019-11-28_%282%29_sa.jpg?utm_source=commons.wikimedia.org&utm_campaign=imageinfo&utm_content=thumbnail,image/jpeg,5184,3456,Araisyohei,CC BY 4.0,https://creativecommons.org/licenses/by/4.0,Creative Commons Attribution 4.0,,Own work,​前橋ハリストス正教会。2019年11月28日撮影。,2019-11-29 11:52:26,2026-09-23T09:57:56.351731+00:00,True
commons-0217,christian,architecture_context,Category:Churches in Japan,89715259,File:200111 Takatsuki Catholic Church Takatsuki Osaka pref Japan02s.jpg,https://commons.wikimedia.org/wiki/File:200111_Takatsuki_Catholic_Church_Takatsuki_Osaka_pref_Japan02s.jpg,https://upload.wikimedia.org/wikipedia/commons/3/36/200111_Takatsuki_Catholic_Church_Takatsuki_Osaka_pref_Japan02s.jpg?utm_source=commons.wikimedia.org&utm_campaign=imageinfo&utm_content=original,https://thumb.wikimedia.org/wikipedia/commons/thumb/3/36/200111_Takatsuki_Catholic_Church_Takatsuki_Osaka_pref_Japan02s.jpg/960px-200111_Takatsuki_Catholic_Church_Takatsuki_Osaka_pref_Japan02s.jpg?utm_source=commons.wikimedia.org&utm_campaign=imageinfo&utm_content=thumbnail,image/jpeg,6000,4000,663highland,CC BY 2.5,https://creativecommons.org/licenses/by/2.5,Creative Commons Attribution 2.5,663highland,Own work,"Takatsuki Catholic Church in Takatsuki , Osaka prefecture , Japan .",2020-01-11,2026-09-23T09:57:56.351731+00:00,True
commons-0218,christian,architecture_context,Category:Churches in Japan,139546015,File:Kawaguchi Christ Church Cathedral２.jpg,https://commons.wikimedia.org/wiki/File:Kawaguchi_Christ_Church_Cathedral%EF%BC%92.jpg,https://upload.wikimedia.org/wikipedia/commons/1/17/Kawaguchi_Christ_Church_Cathedral%EF%BC%92.jpg?utm_source=commons.wikimedia.org&utm_campaign=imageinfo&utm_content=original,https://thumb.wikimedia.org/wikipedia/commons/thumb/1/17/Kawaguchi_Christ_Church_Cathedral%EF%BC%92.jpg/960px-Kawaguchi_Christ_Church_Cathedral%EF%BC%92.jpg?utm_source=commons.wikimedia.org&utm_campaign=imageinfo&utm_content=thumbnail,image/jpeg,3648,2432,Miyuki hirai,CC BY-SA 4.0,https://creativecommons.org/licenses/by-sa/4.0,Creative Commons Attribution-Share Alike 4.0,,Own work,​大阪市西区にある日本聖公会川口基督教会聖堂です。,2023-10-24 16:41:13,2026-09-23T09:57:56.351731+00:00,True
commons-0219,christian,architecture_context,Category:Churches in Japan,139567465,File:Kawaguchi Christ Church Cathedral9.jpg,https://commons.wikimedia.org/wiki/File:Kawaguchi_Christ_Church_Cathedral9.jpg,https://upload.wikimedia.org/wikipedia/commons/d/d2/Kawaguchi_Christ_Church_Cathedral9.jpg?utm_source=commons.wikimedia.org&utm_campaign=imageinfo&utm_content=original,https://thumb.wikimedia.org/wikipedia/commons/thumb/d/d2/Kawaguchi_Christ_Church_Cathedral9.jpg/960px-Kawaguchi_Christ_Church_Cathedral9.jpg?utm_source=commons.wikimedia.org&utm_campaign=imageinfo&utm_content=thumbnail,image/jpeg,3648,2432,Miyuki hirai,CC BY-SA 4.0,https://creativecommons.org/licenses/by-sa/4.0,Creative Commons Attribution-Share Alike 4.0,,Own work,"Inside Kawaguchi Christ Church Cathedral in Nishi Ward, Osaka City.",2023-10-24 16:37:49,2026-09-23T09:57:56.351731+00:00,True
commons-0220,secular_control,threshold,Category:Gates in Japan,2978846,File:Ashiya Tanizaki Junichiro Memorial Museum01s3200.jpg,https://commons.wikimedia.org/wiki/File:Ashiya_Tanizaki_Junichiro_Memorial_Museum01s3200.jpg,https://upload.wikimedia.org/wikipedia/commons/1/1e/Ashiya_Tanizaki_Junichiro_Memorial_Museum01s3200.jpg?utm_source=commons.wikimedia.org&utm_campaign=imageinfo&utm_content=original,https://thumb.wikimedia.org/wikipedia/commons/thumb/1/1e/Ashiya_Tanizaki_Junichiro_Memorial_Museum01s3200.jpg/960px-Ashiya_Tanizaki_Junichiro_Memorial_Museum01s3200.jpg?utm_source=commons.wikimedia.org&utm_campaign=imageinfo&utm_content=thumbnail,image/jpeg,3200,2142,663highland,CC BY 2.5,https://creativecommons.org/licenses/by/2.5,Creative Commons Attribution 2.5,,Own work,"Tanizaki Junichiro Memorial Museum of Literature, Ashiya in Ashiya , Hyogo prefecture , Japan",2007-10-24,2026-09-23T09:57:56.351731+00:00,True
commons-0221,secular_control,threshold,Category:Gates in Japan,5940455,File:Cats Livin' - A shop for cats only.jpg,https://commons.wikimedia.org/wiki/File:Cats_Livin%27_-_A_shop_for_cats_only.jpg,https://upload.wikimedia.org/wikipedia/commons/c/cd/Cats_Livin%27_-_A_shop_for_cats_only.jpg?utm_source=commons.wikimedia.org&utm_campaign=imageinfo&utm_content=original,https://thumb.wikimedia.org/wikipedia/commons/thumb/c/cd/Cats_Livin%27_-_A_shop_for_cats_only.jpg/960px-Cats_Livin%27_-_A_shop_for_cats_only.jpg?utm_source=commons.wikimedia.org&utm_campaign=imageinfo&utm_content=thumbnail,image/jpeg,2651,1999,Stéfan Le Dû,CC BY-SA 2.0,https://creativecommons.org/licenses/by-sa/2.0,Creative Commons Attribution-Share Alike 2.0,,originally posted to Flickr as Cats Livin' - A shop for cats only,"Cats Livin' - Un magasin 100% pour les chats "">Cats Livin - A shop for cats (Google translation) See where this picture was taken",2008-07-19 18:01:06,2026-09-23T09:57:56.351731+00:00,True
commons-0222,secular_control,threshold,Category:Gates in Japan,10856547,File:Anji-han-jinya omotemon01n3900.jpg,https://commons.wikimedia.org/wiki/File:Anji-han-jinya_omotemon01n3900.jpg,https://upload.wikimedia.org/wikipedia/commons/3/31/Anji-han-jinya_omotemon01n3900.jpg?utm_source=commons.wikimedia.org&utm_campaign=imageinfo&utm_content=original,https://thumb.wikimedia.org/wikipedia/commons/thumb/3/31/Anji-han-jinya_omotemon01n3900.jpg/960px-Anji-han-jinya_omotemon01n3900.jpg?utm_source=commons.wikimedia.org&utm_campaign=imageinfo&utm_content=thumbnail,image/jpeg,3900,2600,663highland,CC BY 2.5,https://creativecommons.org/licenses/by/2.5,Creative Commons Attribution 2.5,,Own work,"Former Anji-han Jin'ya Omotemon (The main gate of former Anji Domain's Jin'ya) in Himeji , Hyogo prefecture , Japan .",2010-07-10,2026-09-23T09:57:56.351731+00:00,True
commons-0223,secular_control,threshold,Category:Gates in Japan,12270071,File:Base-yoshimoto.jpg,https://commons.wikimedia.org/wiki/File:Base-yoshimoto.jpg,https://upload.wikimedia.org/wikipedia/commons/6/66/Base-yoshimoto.jpg?utm_source=commons.wikimedia.org&utm_campaign=imageinfo&utm_content=original,https://upload.wikimedia.org/wikipedia/commons/6/66/Base-yoshimoto.jpg?utm_source=commons.wikimedia.org&utm_campaign=imageinfo&utm_content=thumbnail_unscaled,image/jpeg,960,1280,melkul,CC0,http://creativecommons.org/publicdomain/zero/1.0/deed.en,"Creative Commons Zero, Public Domain Dedication",,現地撮影（閉館後に撮影）,​baseよしもとの入口,2010-12-11,2026-09-23T09:57:56.351731+00:00,True
commons-0224,secular_control,threshold,Category:Gates in Japan,18130118,File:Cheerio Corporation.JPG,https://commons.wikimedia.org/wiki/File:Cheerio_Corporation.JPG,https://upload.wikimedia.org/wikipedia/commons/d/d8/Cheerio_Corporation.JPG?utm_source=commons.wikimedia.org&utm_campaign=imageinfo&utm_content=original,https://thumb.wikimedia.org/wikipedia/commons/thumb/d/d8/Cheerio_Corporation.JPG/960px-Cheerio_Corporation.JPG?utm_source=commons.wikimedia.org&utm_campaign=imageinfo&utm_content=thumbnail,image/jpeg,4592,3056,Kirakirameister,CC BY-SA 3.0,https://creativecommons.org/licenses/by-sa/3.0,Creative Commons Attribution-Share Alike 3.0,,Own work,"Cheerio Corporation, 3-7-13 Otsukacho Takatsuki-City Osaka JAPAN",2012-01-22 14:10,2026-09-23T09:57:56.351731+00:00,True
commons-0225,secular_control,threshold,Category:Gates in Japan,33940863,File:140712 Baruto-no-niwa in Bando Naruto Tokushima pref Japan01bs5.jpg,https://commons.wikimedia.org/wiki/File:140712_Baruto-no-niwa_in_Bando_Naruto_Tokushima_pref_Japan01bs5.jpg,https://upload.wikimedia.org/wikipedia/commons/0/0f/140712_Baruto-no-niwa_in_Bando_Naruto_Tokushima_pref_Japan01bs5.jpg?utm_source=commons.wikimedia.org&utm_campaign=imageinfo&utm_content=original,https://thumb.wikimedia.org/wikipedia/commons/thumb/0/0f/140712_Baruto-no-niwa_in_Bando_Naruto_Tokushima_pref_Japan01bs5.jpg/960px-140712_Baruto-no-niwa_in_Bando_Naruto_Tokushima_pref_Japan01bs5.jpg?utm_source=commons.wikimedia.org&utm_campaign=imageinfo&utm_content=thumbnail,image/jpeg,5070,3380,663highland,CC BY 2.5,https://creativecommons.org/licenses/by/2.5,Creative Commons Attribution 2.5,663highland,Own work,"The museum of the history of Bandō prisoner-of-war camp "" Baruto-no-niwa "" in Naruto , Tokushima prefecture , Japan .",2014-07-12,2026-09-23T09:57:56.351731+00:00,True
commons-0226,secular_control,threshold,Category:Gates in Japan,66761036,File:Chichibunomiya Rugby Stadium-5.jpg,https://commons.wikimedia.org/wiki/File:Chichibunomiya_Rugby_Stadium-5.jpg,https://upload.wikimedia.org/wikipedia/commons/0/08/Chichibunomiya_Rugby_Stadium-5.jpg?utm_source=commons.wikimedia.org&utm_campaign=imageinfo&utm_content=original,https://thumb.wikimedia.org/wikipedia/commons/thumb/0/08/Chichibunomiya_Rugby_Stadium-5.jpg/960px-Chichibunomiya_Rugby_Stadium-5.jpg?utm_source=commons.wikimedia.org&utm_campaign=imageinfo&utm_content=thumbnail,image/jpeg,4249,2788,江戸村のとくぞう,CC BY-SA 4.0,https://creativecommons.org/licenses/by-sa/4.0,Creative Commons Attribution-Share Alike 4.0,,Own work,スーパーラグビー 秩父宮ラグビー場,"Taken on 24 February 2018, 11:09:59",2026-09-23T09:57:56.351731+00:00,True
commons-0227,secular_control,threshold,Category:Gates in Japan,71288211,File:500px photo (11778885).jpeg,https://commons.wikimedia.org/wiki/File:500px_photo_(11778885).jpeg,https://upload.wikimedia.org/wikipedia/commons/b/b6/500px_photo_%2811778885%29.jpeg?utm_source=commons.wikimedia.org&utm_campaign=imageinfo&utm_content=original,https://thumb.wikimedia.org/wikipedia/commons/thumb/b/b6/500px_photo_%2811778885%29.jpeg/960px-500px_photo_%2811778885%29.jpeg?utm_source=commons.wikimedia.org&utm_campaign=imageinfo&utm_content=thumbnail,image/jpeg,1367,2048,Jorge Cortell,CC BY 3.0,https://creativecommons.org/licenses/by/3.0,Creative Commons Attribution 3.0,,Imported from 500px ( archived version ) by the Archive Team . ( detail page ),500px provided description: Img 2341 [],"19 March 2010, 07:31:51 (UTC)",2026-09-23T09:57:56.351731+00:00,True
commons-0228,secular_control,threshold,Category:Gates in Japan,71586814,File:500px photo (189849471).jpeg,https://commons.wikimedia.org/wiki/File:500px_photo_(189849471).jpeg,https://upload.wikimedia.org/wikipedia/commons/0/0e/500px_photo_%28189849471%29.jpeg?utm_source=commons.wikimedia.org&utm_campaign=imageinfo&utm_content=original,https://thumb.wikimedia.org/wikipedia/commons/thumb/0/0e/500px_photo_%28189849471%29.jpeg/960px-500px_photo_%28189849471%29.jpeg?utm_source=commons.wikimedia.org&utm_campaign=imageinfo&utm_content=thumbnail,image/jpeg,1530,2048,Chi King,CC BY 3.0,https://creativecommons.org/licenses/by/3.0,Creative Commons Attribution 3.0,,Imported from 500px ( archived version ) by the Archive Team . ( detail page ),"500px provided description: Untitled [#culture ,#Japan ,#Kansai ,#Kyoto/Fukui/Tango]","1 January 2014, 05:00:00 (UTC)",2026-09-23T09:57:56.351731+00:00,True
commons-0229,secular_control,threshold,Category:Gates in Japan,71586816,File:500px photo (189849473).jpeg,https://commons.wikimedia.org/wiki/File:500px_photo_(189849473).jpeg,https://upload.wikimedia.org/wikipedia/commons/5/5a/500px_photo_%28189849473%29.jpeg?utm_source=commons.wikimedia.org&utm_campaign=imageinfo&utm_content=original,https://thumb.wikimedia.org/wikipedia/commons/thumb/5/5a/500px_photo_%28189849473%29.jpeg/960px-500px_photo_%28189849473%29.jpeg?utm_source=commons.wikimedia.org&utm_campaign=imageinfo&utm_content=thumbnail,image/jpeg,1541,2048,Chi King,CC BY 3.0,https://creativecommons.org/licenses/by/3.0,Creative Commons Attribution 3.0,,Imported from 500px ( archived version ) by the Archive Team . ( detail page ),"500px provided description: Untitled [#culture ,#Japan ,#Kansai ,#Kyoto/Fukui/Tango]","1 January 2014, 05:00:00 (UTC)",2026-09-23T09:57:56.351731+00:00,True
commons-0230,secular_control,threshold,Category:Gates in Japan,74114149,File:Cat Japan (6917521099).jpg,https://commons.wikimedia.org/wiki/File:Cat_Japan_(6917521099).jpg,https://upload.wikimedia.org/wikipedia/commons/7/7c/Cat_Japan_%286917521099%29.jpg?utm_source=commons.wikimedia.org&utm_campaign=imageinfo&utm_content=original,https://thumb.wikimedia.org/wikipedia/commons/thumb/7/7c/Cat_Japan_%286917521099%29.jpg/960px-Cat_Japan_%286917521099%29.jpg?utm_source=commons.wikimedia.org&utm_campaign=imageinfo&utm_content=thumbnail,image/jpeg,1424,2144,Hisashi from Japan,CC BY-SA 2.0,https://creativecommons.org/licenses/by-sa/2.0,Creative Commons Attribution-Share Alike 2.0,,E07_5043,E07_5043,2012-02-21 15:35,2026-09-23T09:57:56.351731+00:00,True
commons-0231,secular_control,threshold,Category:Gates in Japan,107010578,File:Amami shizenkansatu no mori (Nature watch forest) closed by COVID-19.jpg,https://commons.wikimedia.org/wiki/File:Amami_shizenkansatu_no_mori_(Nature_watch_forest)_closed_by_COVID-19.jpg,https://upload.wikimedia.org/wikipedia/commons/1/1c/Amami_shizenkansatu_no_mori_%28Nature_watch_forest%29_closed_by_COVID-19.jpg?utm_source=commons.wikimedia.org&utm_campaign=imageinfo&utm_content=original,https://thumb.wikimedia.org/wikipedia/commons/thumb/1/1c/Amami_shizenkansatu_no_mori_%28Nature_watch_forest%29_closed_by_COVID-19.jpg/960px-Amami_shizenkansatu_no_mori_%28Nature_watch_forest%29_closed_by_COVID-19.jpg?utm_source=commons.wikimedia.org&utm_campaign=imageinfo&utm_content=thumbnail,image/jpeg,4320,3240,Indiana jo,CC BY-SA 4.0,https://creativecommons.org/licenses/by-sa/4.0,Creative Commons Attribution-Share Alike 4.0,,Own work,コロナにより閉鎖中の奄美自然観察の森,2021-06-25 12:26:32,2026-09-23T09:57:56.351731+00:00,True
commons-0232,secular_control,threshold,Category:Gates in Japan,120334328,File:Chiran Peace Museum Gate of the Army Flight School 001.jpg,https://commons.wikimedia.org/wiki/File:Chiran_Peace_Museum_Gate_of_the_Army_Flight_School_001.jpg,https://upload.wikimedia.org/wikipedia/commons/d/d9/Chiran_Peace_Museum_Gate_of_the_Army_Flight_School_001.jpg?utm_source=commons.wikimedia.org&utm_campaign=imageinfo&utm_content=original,https://thumb.wikimedia.org/wikipedia/commons/thumb/d/d9/Chiran_Peace_Museum_Gate_of_the_Army_Flight_School_001.jpg/960px-Chiran_Peace_Museum_Gate_of_the_Army_Flight_School_001.jpg?utm_source=commons.wikimedia.org&utm_campaign=imageinfo&utm_content=thumbnail,image/jpeg,3264,2448,Naokijp,CC BY-SA 4.0,https://creativecommons.org/licenses/by-sa/4.0,Creative Commons Attribution-Share Alike 4.0,,Own work,鹿児島県南九州市知覧町にある知覧特攻平和会館。移設復原された大刀洗陸軍飛行学校知覧分教所の正門。,2017-08-09 14:45:10,2026-09-23T09:57:56.351731+00:00,True
commons-0233,secular_control,threshold,Category:Gates in Japan,126807924,File:220430 Bunshokan Yamagata Yamagata pref Japan07s3.jpg,https://commons.wikimedia.org/wiki/File:220430_Bunshokan_Yamagata_Yamagata_pref_Japan07s3.jpg,https://upload.wikimedia.org/wikipedia/commons/8/89/220430_Bunshokan_Yamagata_Yamagata_pref_Japan07s3.jpg?utm_source=commons.wikimedia.org&utm_campaign=imageinfo&utm_content=original,https://thumb.wikimedia.org/wikipedia/commons/thumb/8/89/220430_Bunshokan_Yamagata_Yamagata_pref_Japan07s3.jpg/960px-220430_Bunshokan_Yamagata_Yamagata_pref_Japan07s3.jpg?utm_source=commons.wikimedia.org&utm_campaign=imageinfo&utm_content=thumbnail,image/jpeg,6000,4000,663highland,CC BY-SA 4.0,https://creativecommons.org/licenses/by-sa/4.0,Creative Commons Attribution-Share Alike 4.0,,Own work,"Bunshokan in Yamagata , Yamagata prefecture , Japan",2022-04-30,2026-09-23T09:57:56.351731+00:00,True
commons-0234,secular_control,threshold,Category:Gates in Japan,135512037,File:220430 Former Yamagata Normal School Yamagata Yamagata pref Japan01s3.jpg,https://commons.wikimedia.org/wiki/File:220430_Former_Yamagata_Normal_School_Yamagata_Yamagata_pref_Japan01s3.jpg,https://upload.wikimedia.org/wikipedia/commons/3/3e/220430_Former_Yamagata_Normal_School_Yamagata_Yamagata_pref_Japan01s3.jpg?utm_source=commons.wikimedia.org&utm_campaign=imageinfo&utm_content=original,https://thumb.wikimedia.org/wikipedia/commons/thumb/3/3e/220430_Former_Yamagata_Normal_School_Yamagata_Yamagata_pref_Japan01s3.jpg/960px-220430_Former_Yamagata_Normal_School_Yamagata_Yamagata_pref_Japan01s3.jpg?utm_source=commons.wikimedia.org&utm_campaign=imageinfo&utm_content=thumbnail,image/jpeg,6000,4000,663highland,CC BY-SA 4.0,https://creativecommons.org/licenses/by-sa/4.0,Creative Commons Attribution-Share Alike 4.0,,Own work,"Former Yamagata Normal School in Yamagata , Yamagata prefecture , Japan",2022-04-30,2026-09-23T09:57:56.351731+00:00,True
commons-0235,secular_control,threshold,Category:Gates in Japan,149437190,File:230504 Blue Ridge Hotel Kannabe Highland Toyooka Hyogo pref Japan01s3.jpg,https://commons.wikimedia.org/wiki/File:230504_Blue_Ridge_Hotel_Kannabe_Highland_Toyooka_Hyogo_pref_Japan01s3.jpg,https://upload.wikimedia.org/wikipedia/commons/0/08/230504_Blue_Ridge_Hotel_Kannabe_Highland_Toyooka_Hyogo_pref_Japan01s3.jpg?utm_source=commons.wikimedia.org&utm_campaign=imageinfo&utm_content=original,https://thumb.wikimedia.org/wikipedia/commons/thumb/0/08/230504_Blue_Ridge_Hotel_Kannabe_Highland_Toyooka_Hyogo_pref_Japan01s3.jpg/960px-230504_Blue_Ridge_Hotel_Kannabe_Highland_Toyooka_Hyogo_pref_Japan01s3.jpg?utm_source=commons.wikimedia.org&utm_campaign=imageinfo&utm_content=thumbnail,image/jpeg,5472,3648,663highland,CC BY-SA 4.0,https://creativecommons.org/licenses/by-sa/4.0,Creative Commons Attribution-Share Alike 4.0,,Own work,"Blue Ridge Hotel at Kannabe Highland in Toyooka , Hyogo prefecture , Japan",2023-05-04,2026-09-23T09:57:56.351731+00:00,True
commons-0236,secular_control,threshold,Category:Gates in Japan,149437312,File:230504 Blue Ridge Hotel Kannabe Highland Toyooka Hyogo pref Japan02s3.jpg,https://commons.wikimedia.org/wiki/File:230504_Blue_Ridge_Hotel_Kannabe_Highland_Toyooka_Hyogo_pref_Japan02s3.jpg,https://upload.wikimedia.org/wikipedia/commons/7/7b/230504_Blue_Ridge_Hotel_Kannabe_Highland_Toyooka_Hyogo_pref_Japan02s3.jpg?utm_source=commons.wikimedia.org&utm_campaign=imageinfo&utm_content=original,https://thumb.wikimedia.org/wikipedia/commons/thumb/7/7b/230504_Blue_Ridge_Hotel_Kannabe_Highland_Toyooka_Hyogo_pref_Japan02s3.jpg/960px-230504_Blue_Ridge_Hotel_Kannabe_Highland_Toyooka_Hyogo_pref_Japan02s3.jpg?utm_source=commons.wikimedia.org&utm_campaign=imageinfo&utm_content=thumbnail,image/jpeg,5472,3648,663highland,CC BY-SA 4.0,https://creativecommons.org/licenses/by-sa/4.0,Creative Commons Attribution-Share Alike 4.0,,Own work,"Blue Ridge Hotel at Kannabe Highland in Toyooka , Hyogo prefecture , Japan",2023-05-04,2026-09-23T09:57:56.351731+00:00,True
commons-0237,secular_control,threshold,Category:Gates in Japan,157885169,File:241119 MIHO MUSEUM Koga Shiga pref Japan04s3.jpg,https://commons.wikimedia.org/wiki/File:241119_MIHO_MUSEUM_Koga_Shiga_pref_Japan04s3.jpg,https://upload.wikimedia.org/wikipedia/commons/6/60/241119_MIHO_MUSEUM_Koga_Shiga_pref_Japan04s3.jpg?utm_source=commons.wikimedia.org&utm_campaign=imageinfo&utm_content=original,https://thumb.wikimedia.org/wikipedia/commons/thumb/6/60/241119_MIHO_MUSEUM_Koga_Shiga_pref_Japan04s3.jpg/960px-241119_MIHO_MUSEUM_Koga_Shiga_pref_Japan04s3.jpg?utm_source=commons.wikimedia.org&utm_campaign=imageinfo&utm_content=thumbnail,image/jpeg,5472,3648,663highland,CC BY-SA 4.0,https://creativecommons.org/licenses/by-sa/4.0,Creative Commons Attribution-Share Alike 4.0,,Own work,"Miho Museum in Koga, Shiga prefecture , Japan",2024-11-09,2026-09-23T09:57:56.351731+00:00,True
commons-0238,secular_control,street_object,Category:Bus stops in Japan,2754234,File:Esztergom Suzukisok.jpg,https://commons.wikimedia.org/wiki/File:Esztergom_Suzukisok.jpg,https://upload.wikimedia.org/wikipedia/commons/6/63/Esztergom_Suzukisok.jpg?utm_source=commons.wikimedia.org&utm_campaign=imageinfo&utm_content=original,https://thumb.wikimedia.org/wikipedia/commons/thumb/6/63/Esztergom_Suzukisok.jpg/960px-Esztergom_Suzukisok.jpg?utm_source=commons.wikimedia.org&utm_campaign=imageinfo&utm_content=thumbnail,image/jpeg,2093,1381,Villy,Public domain,,Public domain,,Own work,"Japanese Suzuki-workers in Esztergom, Hungary",2007-08-25,2026-09-23T09:57:56.351731+00:00,True
commons-0239,secular_control,street_object,Category:Bus stops in Japan,104058605,"File:Kajikawa-Shiunji Bus Stop, Nihonkai-Tōhoku Expressway, Japan, April 2021.jpg","https://commons.wikimedia.org/wiki/File:Kajikawa-Shiunji_Bus_Stop,_Nihonkai-T%C5%8Dhoku_Expressway,_Japan,_April_2021.jpg",https://upload.wikimedia.org/wikipedia/commons/b/bc/Kajikawa-Shiunji_Bus_Stop%2C_Nihonkai-T%C5%8Dhoku_Expressway%2C_Japan%2C_April_2021.jpg?utm_source=commons.wikimedia.org&utm_campaign=imageinfo&utm_content=original,https://thumb.wikimedia.org/wikipedia/commons/thumb/b/bc/Kajikawa-Shiunji_Bus_Stop%2C_Nihonkai-T%C5%8Dhoku_Expressway%2C_Japan%2C_April_2021.jpg/960px-Kajikawa-Shiunji_Bus_Stop%2C_Nihonkai-T%C5%8Dhoku_Expressway%2C_Japan%2C_April_2021.jpg?utm_source=commons.wikimedia.org&utm_campaign=imageinfo&utm_content=thumbnail,image/jpeg,4032,3024,Tail furry,CC BY-SA 4.0,https://creativecommons.org/licenses/by-sa/4.0,Creative Commons Attribution-Share Alike 4.0,,Own work,"Kajikawa-Shiunji bus stop on the Nihonkai-Tōhoku Expressway, photographed in April 2021.",2021-04-21 17:56:06,2026-09-23T09:57:56.351731+00:00,True
commons-0240,secular_control,street_object,Category:Bus stops in Japan,104899730,"File:Kuzutsuka Bus Stop, Nihonkai-Tōhoku Expressway, Japan, May 2021.jpg","https://commons.wikimedia.org/wiki/File:Kuzutsuka_Bus_Stop,_Nihonkai-T%C5%8Dhoku_Expressway,_Japan,_May_2021.jpg",https://upload.wikimedia.org/wikipedia/commons/b/bb/Kuzutsuka_Bus_Stop%2C_Nihonkai-T%C5%8Dhoku_Expressway%2C_Japan%2C_May_2021.jpg?utm_source=commons.wikimedia.org&utm_campaign=imageinfo&utm_content=original,https://thumb.wikimedia.org/wikipedia/commons/thumb/b/bb/Kuzutsuka_Bus_Stop%2C_Nihonkai-T%C5%8Dhoku_Expressway%2C_Japan%2C_May_2021.jpg/960px-Kuzutsuka_Bus_Stop%2C_Nihonkai-T%C5%8Dhoku_Expressway%2C_Japan%2C_May_2021.jpg?utm_source=commons.wikimedia.org&utm_campaign=imageinfo&utm_content=thumbnail,image/jpeg,4032,3024,Tail furry,CC BY-SA 4.0,https://creativecommons.org/licenses/by-sa/4.0,Creative Commons Attribution-Share Alike 4.0,,Own work,"Kuzutsuka bus stop on the Nihonkai-Tōhoku Expressway, photographed in May 2021.",2021-05-04 14:29:37,2026-09-23T09:57:56.351731+00:00,True
commons-0241,secular_control,street_object,Category:Bus stops in Japan,108350615,File:ムーンビーチ前バス停.jpg,https://commons.wikimedia.org/wiki/File:%E3%83%A0%E3%83%BC%E3%83%B3%E3%83%93%E3%83%BC%E3%83%81%E5%89%8D%E3%83%90%E3%82%B9%E5%81%9C.jpg,https://upload.wikimedia.org/wikipedia/commons/a/a3/%E3%83%A0%E3%83%BC%E3%83%B3%E3%83%93%E3%83%BC%E3%83%81%E5%89%8D%E3%83%90%E3%82%B9%E5%81%9C.jpg?utm_source=commons.wikimedia.org&utm_campaign=imageinfo&utm_content=original,https://thumb.wikimedia.org/wikipedia/commons/thumb/a/a3/%E3%83%A0%E3%83%BC%E3%83%B3%E3%83%93%E3%83%BC%E3%83%81%E5%89%8D%E3%83%90%E3%82%B9%E5%81%9C.jpg/960px-%E3%83%A0%E3%83%BC%E3%83%B3%E3%83%93%E3%83%BC%E3%83%81%E5%89%8D%E3%83%90%E3%82%B9%E5%81%9C.jpg?utm_source=commons.wikimedia.org&utm_campaign=imageinfo&utm_content=thumbnail,image/jpeg,4032,3024,Syced,CC0,http://creativecommons.org/publicdomain/zero/1.0/deed.en,"Creative Commons Zero, Public Domain Dedication",,Own work,ムーンビーチ前バス停,9 August 2021 (according to Exif data),2026-09-23T09:57:56.351731+00:00,True
commons-0242,secular_control,street_object,Category:Bus stops in Japan,108350652,File:ムーンビーチ前バス停 2.jpg,https://commons.wikimedia.org/wiki/File:%E3%83%A0%E3%83%BC%E3%83%B3%E3%83%93%E3%83%BC%E3%83%81%E5%89%8D%E3%83%90%E3%82%B9%E5%81%9C_2.jpg,https://upload.wikimedia.org/wikipedia/commons/9/92/%E3%83%A0%E3%83%BC%E3%83%B3%E3%83%93%E3%83%BC%E3%83%81%E5%89%8D%E3%83%90%E3%82%B9%E5%81%9C_2.jpg?utm_source=commons.wikimedia.org&utm_campaign=imageinfo&utm_content=original,https://thumb.wikimedia.org/wikipedia/commons/thumb/9/92/%E3%83%A0%E3%83%BC%E3%83%B3%E3%83%93%E3%83%BC%E3%83%81%E5%89%8D%E3%83%90%E3%82%B9%E5%81%9C_2.jpg/960px-%E3%83%A0%E3%83%BC%E3%83%B3%E3%83%93%E3%83%BC%E3%83%81%E5%89%8D%E3%83%90%E3%82%B9%E5%81%9C_2.jpg?utm_source=commons.wikimedia.org&utm_campaign=imageinfo&utm_content=thumbnail,image/jpeg,4032,3024,Syced,CC0,http://creativecommons.org/publicdomain/zero/1.0/deed.en,"Creative Commons Zero, Public Domain Dedication",,Own work,ムーンビーチ前バス停,9 August 2021 (according to Exif data),2026-09-23T09:57:56.351731+00:00,True
commons-0243,secular_control,street_object,Category:Bus stops in Japan,115833030,File:Grand HIRAFU Welcome Center.jpg,https://commons.wikimedia.org/wiki/File:Grand_HIRAFU_Welcome_Center.jpg,https://upload.wikimedia.org/wikipedia/commons/5/56/Grand_HIRAFU_Welcome_Center.jpg?utm_source=commons.wikimedia.org&utm_campaign=imageinfo&utm_content=original,https://thumb.wikimedia.org/wikipedia/commons/thumb/5/56/Grand_HIRAFU_Welcome_Center.jpg/960px-Grand_HIRAFU_Welcome_Center.jpg?utm_source=commons.wikimedia.org&utm_campaign=imageinfo&utm_content=thumbnail,image/jpeg,4000,3000,Excellent moniteur de ski,CC BY-SA 4.0,https://creativecommons.org/licenses/by-sa/4.0,Creative Commons Attribution-Share Alike 4.0,,Own work,ニセコ東急 グラン・ヒラフ ウェルカムセンター,"4 March 2022, 15:57:42 (according to Exif data)",2026-09-23T09:57:56.351731+00:00,True
commons-0244,secular_control,street_object,Category:Bus stops in Japan,121344357,File:バスロケーションシステム初期型.jpg,https://commons.wikimedia.org/wiki/File:%E3%83%90%E3%82%B9%E3%83%AD%E3%82%B1%E3%83%BC%E3%82%B7%E3%83%A7%E3%83%B3%E3%82%B7%E3%82%B9%E3%83%86%E3%83%A0%E5%88%9D%E6%9C%9F%E5%9E%8B.jpg,https://upload.wikimedia.org/wikipedia/commons/8/82/%E3%83%90%E3%82%B9%E3%83%AD%E3%82%B1%E3%83%BC%E3%82%B7%E3%83%A7%E3%83%B3%E3%82%B7%E3%82%B9%E3%83%86%E3%83%A0%E5%88%9D%E6%9C%9F%E5%9E%8B.jpg?utm_source=commons.wikimedia.org&utm_campaign=imageinfo&utm_content=original,https://upload.wikimedia.org/wikipedia/commons/8/82/%E3%83%90%E3%82%B9%E3%83%AD%E3%82%B1%E3%83%BC%E3%82%B7%E3%83%A7%E3%83%B3%E3%82%B7%E3%82%B9%E3%83%86%E3%83%A0%E5%88%9D%E6%9C%9F%E5%9E%8B.jpg?utm_source=commons.wikimedia.org&utm_campaign=imageinfo&utm_content=thumbnail_unscaled,image/jpeg,240,320,GOODPRO ( talk · contribs ),CC BY-SA 3.0,http://creativecommons.org/licenses/by-sa/3.0/,Creative Commons Attribution-Share Alike 3.0,,Own work,ファイルネームの日付に撮影。 ja:バスロケーションシステム 初期型 GOODPRO 撮影。,,2026-09-23T09:57:56.351731+00:00,True
commons-0245,secular_control,street_object,Category:Bus stops in Japan,129025107,File:NishiTokyoBus BusStop (old).jpg,https://commons.wikimedia.org/wiki/File:NishiTokyoBus_BusStop_(old).jpg,https://upload.wikimedia.org/wikipedia/commons/6/61/NishiTokyoBus_BusStop_%28old%29.jpg?utm_source=commons.wikimedia.org&utm_campaign=imageinfo&utm_content=original,https://upload.wikimedia.org/wikipedia/commons/6/61/NishiTokyoBus_BusStop_%28old%29.jpg?utm_source=commons.wikimedia.org&utm_campaign=imageinfo&utm_content=thumbnail_unscaled,image/jpeg,960,1280,Hanasakijijii,CC BY-SA 3.0,https://creativecommons.org/licenses/by-sa/3.0,Creative Commons Attribution-Share Alike 3.0,,Hanasakijijiiが撮影,西東京バス停旧型ポール 西東京バス Okutama town TOKYO JAPAN,2010-03-14,2026-09-23T09:57:56.351731+00:00,True
commons-0246,secular_control,street_object,Category:Bus stops in Japan,131054865,File:IMG つくばね号バス停.jpg,https://commons.wikimedia.org/wiki/File:IMG_%E3%81%A4%E3%81%8F%E3%81%B0%E3%81%AD%E5%8F%B7%E3%83%90%E3%82%B9%E5%81%9C.jpg,https://upload.wikimedia.org/wikipedia/commons/e/e2/IMG_%E3%81%A4%E3%81%8F%E3%81%B0%E3%81%AD%E5%8F%B7%E3%83%90%E3%82%B9%E5%81%9C.jpg?utm_source=commons.wikimedia.org&utm_campaign=imageinfo&utm_content=original,https://thumb.wikimedia.org/wikipedia/commons/thumb/e/e2/IMG_%E3%81%A4%E3%81%8F%E3%81%B0%E3%81%AD%E5%8F%B7%E3%83%90%E3%82%B9%E5%81%9C.jpg/960px-IMG_%E3%81%A4%E3%81%8F%E3%81%B0%E3%81%AD%E5%8F%B7%E3%83%90%E3%82%B9%E5%81%9C.jpg?utm_source=commons.wikimedia.org&utm_campaign=imageinfo&utm_content=thumbnail,image/jpeg,4608,3456,つくつくば,CC BY-SA 4.0,https://creativecommons.org/licenses/by-sa/4.0,Creative Commons Attribution-Share Alike 4.0,,Own work,つくばね号バス停,2023-04-23 12:16:04,2026-09-23T09:57:56.351731+00:00,True
commons-0247,secular_control,street_object,Category:Bus stops in Japan,132372888,File:Kagawa bus stop.jpg,https://commons.wikimedia.org/wiki/File:Kagawa_bus_stop.jpg,https://upload.wikimedia.org/wikipedia/commons/d/dc/Kagawa_bus_stop.jpg?utm_source=commons.wikimedia.org&utm_campaign=imageinfo&utm_content=original,https://thumb.wikimedia.org/wikipedia/commons/thumb/d/dc/Kagawa_bus_stop.jpg/960px-Kagawa_bus_stop.jpg?utm_source=commons.wikimedia.org&utm_campaign=imageinfo&utm_content=thumbnail,image/jpeg,4000,3000,Drivephotographer,CC0,http://creativecommons.org/publicdomain/zero/1.0/deed.en,"Creative Commons Zero, Public Domain Dedication",,Own work,Kagawa bus stop,2022-01-22 14:05:52,2026-09-23T09:57:56.351731+00:00,True
commons-0248,secular_control,street_object,Category:Bus stops in Japan,84703500,File:740-19942号車 西日本JRバス TDX24 側面.jpg,https://commons.wikimedia.org/wiki/File:740-19942%E5%8F%B7%E8%BB%8A_%E8%A5%BF%E6%97%A5%E6%9C%ACJR%E3%83%90%E3%82%B9_TDX24_%E5%81%B4%E9%9D%A2.jpg,https://upload.wikimedia.org/wikipedia/commons/a/ad/740-19942%E5%8F%B7%E8%BB%8A_%E8%A5%BF%E6%97%A5%E6%9C%ACJR%E3%83%90%E3%82%B9_TDX24_%E5%81%B4%E9%9D%A2.jpg?utm_source=commons.wikimedia.org&utm_campaign=imageinfo&utm_content=original,https://thumb.wikimedia.org/wikipedia/commons/thumb/a/ad/740-19942%E5%8F%B7%E8%BB%8A_%E8%A5%BF%E6%97%A5%E6%9C%ACJR%E3%83%90%E3%82%B9_TDX24_%E5%81%B4%E9%9D%A2.jpg/960px-740-19942%E5%8F%B7%E8%BB%8A_%E8%A5%BF%E6%97%A5%E6%9C%ACJR%E3%83%90%E3%82%B9_TDX24_%E5%81%B4%E9%9D%A2.jpg?utm_source=commons.wikimedia.org&utm_campaign=imageinfo&utm_content=thumbnail,image/jpeg,5472,3648,Tokage854611,CC BY-SA 4.0,https://creativecommons.org/licenses/by-sa/4.0,Creative Commons Attribution-Share Alike 4.0,,Own work,​740-19942号車 西日本JRバス 大阪高速管理所所属 スカニア アストロメガ 側面,2019-08-07 20:54:44,2026-09-23T09:57:56.351731+00:00,True
commons-0249,secular_control,street_object,Category:Bus stops in Japan,1808184,File:Expo 2005 of Satsuki and Mei’s House of Bus stop 01.jpg,https://commons.wikimedia.org/wiki/File:Expo_2005_of_Satsuki_and_Mei%E2%80%99s_House_of_Bus_stop_01.jpg,https://upload.wikimedia.org/wikipedia/commons/9/91/Expo_2005_of_Satsuki_and_Mei%E2%80%99s_House_of_Bus_stop_01.jpg?utm_source=commons.wikimedia.org&utm_campaign=imageinfo&utm_content=original,https://upload.wikimedia.org/wikipedia/commons/9/91/Expo_2005_of_Satsuki_and_Mei%E2%80%99s_House_of_Bus_stop_01.jpg?utm_source=commons.wikimedia.org&utm_campaign=imageinfo&utm_content=thumbnail_unscaled,image/jpeg,960,1280,Gnsin,CC BY-SA 3.0,http://creativecommons.org/licenses/by-sa/3.0/,Creative Commons Attribution-Share Alike 3.0,,Photo by Gnsin,Satsuki and Mei’s House of Bus stop.,Unknown date,2026-09-23T09:57:56.351731+00:00,True
commons-0250,secular_control,street_object,Category:Bus stops in Japan,1808190,File:Expo 2005 of Satsuki and Mei’s House of Bus stop 02.jpg,https://commons.wikimedia.org/wiki/File:Expo_2005_of_Satsuki_and_Mei%E2%80%99s_House_of_Bus_stop_02.jpg,https://upload.wikimedia.org/wikipedia/commons/f/f2/Expo_2005_of_Satsuki_and_Mei%E2%80%99s_House_of_Bus_stop_02.jpg?utm_source=commons.wikimedia.org&utm_campaign=imageinfo&utm_content=original,https://thumb.wikimedia.org/wikipedia/commons/thumb/f/f2/Expo_2005_of_Satsuki_and_Mei%E2%80%99s_House_of_Bus_stop_02.jpg/960px-Expo_2005_of_Satsuki_and_Mei%E2%80%99s_House_of_Bus_stop_02.jpg?utm_source=commons.wikimedia.org&utm_campaign=imageinfo&utm_content=thumbnail,image/jpeg,1280,960,Gnsin,CC BY-SA 3.0,http://creativecommons.org/licenses/by-sa/3.0/,Creative Commons Attribution-Share Alike 3.0,,Photo by Gnsin,Satsuki and Mei’s House of Bus stop.,"between 25 March 2005 and 25 September 2005 date QS:P,+2005-00-00T00:00:00Z/9,P1319,+2005-03-25T00:00:00Z/11,P1326,+2005-09-25T00:00:00Z/11",2026-09-23T09:57:56.351731+00:00,True
commons-0251,secular_control,street_object,Category:Bus stops in Japan,19364574,File:Yunosagi Onsen Bus Stop.JPG,https://commons.wikimedia.org/wiki/File:Yunosagi_Onsen_Bus_Stop.JPG,https://upload.wikimedia.org/wikipedia/commons/5/56/Yunosagi_Onsen_Bus_Stop.JPG?utm_source=commons.wikimedia.org&utm_campaign=imageinfo&utm_content=original,https://thumb.wikimedia.org/wikipedia/commons/thumb/5/56/Yunosagi_Onsen_Bus_Stop.JPG/960px-Yunosagi_Onsen_Bus_Stop.JPG?utm_source=commons.wikimedia.org&utm_campaign=imageinfo&utm_content=thumbnail,image/jpeg,4000,3000,Vtwinpower,CC BY-SA 3.0,https://creativecommons.org/licenses/by-sa/3.0,Creative Commons Attribution-Share Alike 3.0,,Own work,Yunosagi-onsen Bus Stop sign (right) at the Yuwaku-onsen Bus Stop of Hokutetsu Bus,2012-05-05,2026-09-23T09:57:56.351731+00:00,True
commons-0252,secular_control,street_object,Category:Bus stops in Japan,46682066,File:140622 Wattsu BS for Hakodate.jpg,https://commons.wikimedia.org/wiki/File:140622_Wattsu_BS_for_Hakodate.jpg,https://upload.wikimedia.org/wikipedia/commons/9/91/140622_Wattsu_BS_for_Hakodate.jpg?utm_source=commons.wikimedia.org&utm_campaign=imageinfo&utm_content=original,https://thumb.wikimedia.org/wikipedia/commons/thumb/9/91/140622_Wattsu_BS_for_Hakodate.jpg/960px-140622_Wattsu_BS_for_Hakodate.jpg?utm_source=commons.wikimedia.org&utm_campaign=imageinfo&utm_content=thumbnail,image/jpeg,1600,1200,Yauchi,CC BY-SA 4.0,https://creativecommons.org/licenses/by-sa/4.0,Creative Commons Attribution-Share Alike 4.0,,Own work,道央自動車道輪厚パーキングエリア近傍に設置されている輪厚バスストップ（上り線側）,2014-06-22 13:28:22,2026-09-23T09:57:56.351731+00:00,True
commons-0253,secular_control,street_object,Category:Bus stops in Japan,127001751,File:Akashina Bus Stop for Nagano 200321.jpg,https://commons.wikimedia.org/wiki/File:Akashina_Bus_Stop_for_Nagano_200321.jpg,https://upload.wikimedia.org/wikipedia/commons/d/d7/Akashina_Bus_Stop_for_Nagano_200321.jpg?utm_source=commons.wikimedia.org&utm_campaign=imageinfo&utm_content=original,https://thumb.wikimedia.org/wikipedia/commons/thumb/d/d7/Akashina_Bus_Stop_for_Nagano_200321.jpg/960px-Akashina_Bus_Stop_for_Nagano_200321.jpg?utm_source=commons.wikimedia.org&utm_campaign=imageinfo&utm_content=thumbnail,image/jpeg,1600,1200,Yauchi,CC BY-SA 4.0,https://creativecommons.org/licenses/by-sa/4.0,Creative Commons Attribution-Share Alike 4.0,,Own work,​長野県安曇野市の長野自動車道上にある明科バスストップ（下り線）の遠景。後ろの山々は常念山脈。,2020-03-21 12:30:33,2026-09-23T09:57:56.351731+00:00,True
commons-0254,secular_control,street_object,Category:Bus stops in Japan,127002077,File:Akashina Bus Stop for Okaya 200321.jpg,https://commons.wikimedia.org/wiki/File:Akashina_Bus_Stop_for_Okaya_200321.jpg,https://upload.wikimedia.org/wikipedia/commons/e/e8/Akashina_Bus_Stop_for_Okaya_200321.jpg?utm_source=commons.wikimedia.org&utm_campaign=imageinfo&utm_content=original,https://thumb.wikimedia.org/wikipedia/commons/thumb/e/e8/Akashina_Bus_Stop_for_Okaya_200321.jpg/960px-Akashina_Bus_Stop_for_Okaya_200321.jpg?utm_source=commons.wikimedia.org&utm_campaign=imageinfo&utm_content=thumbnail,image/jpeg,1600,1200,Yauchi,CC BY-SA 4.0,https://creativecommons.org/licenses/by-sa/4.0,Creative Commons Attribution-Share Alike 4.0,,Own work,長野県安曇野市の長野自動車道上にある明科バスストップ（上り線）のプラットホーム及び待合室。,2020-03-21 12:35:35,2026-09-23T09:57:56.351731+00:00,True
commons-0255,secular_control,street_object,Category:Bus stops in Japan,127002164,File:Akashina Bus Stop for Okaya distant view200321.jpg,https://commons.wikimedia.org/wiki/File:Akashina_Bus_Stop_for_Okaya_distant_view200321.jpg,https://upload.wikimedia.org/wikipedia/commons/a/a9/Akashina_Bus_Stop_for_Okaya_distant_view200321.jpg?utm_source=commons.wikimedia.org&utm_campaign=imageinfo&utm_content=original,https://thumb.wikimedia.org/wikipedia/commons/thumb/a/a9/Akashina_Bus_Stop_for_Okaya_distant_view200321.jpg/960px-Akashina_Bus_Stop_for_Okaya_distant_view200321.jpg?utm_source=commons.wikimedia.org&utm_campaign=imageinfo&utm_content=thumbnail,image/jpeg,1600,1200,Yauchi,CC BY-SA 4.0,https://creativecommons.org/licenses/by-sa/4.0,Creative Commons Attribution-Share Alike 4.0,,Own work,長野県安曇野市の長野自動車道上にある明科バスストップ（上り線）の遠景。後ろの山々は常念山脈。,2020-03-21 12:38:27,2026-09-23T09:57:56.351731+00:00,True
commons-0256,secular_control,street_context,Category:Streets in Kyoto,1674721,File:Sagano.JPG,https://commons.wikimedia.org/wiki/File:Sagano.JPG,https://upload.wikimedia.org/wikipedia/commons/e/e9/Sagano.JPG?utm_source=commons.wikimedia.org&utm_campaign=imageinfo&utm_content=original,https://thumb.wikimedia.org/wikipedia/commons/thumb/e/e9/Sagano.JPG/960px-Sagano.JPG?utm_source=commons.wikimedia.org&utm_campaign=imageinfo&utm_content=thumbnail,image/jpeg,3840,2160,No machine-readable author provided. 鉄血宰相 assumed (based on copyright claims).,Public domain,,Public domain,,No machine-readable source provided. Own work assumed (based on copyright claims).,"京都にある嵯峨野の竹やぶ 天龍寺から大河内山荘へ行く途中 Japan,Kyoto",24 December 2006 (according to Exif data),2026-09-23T09:57:56.351731+00:00,True
commons-0257,secular_control,street_context,Category:Streets in Kyoto,9431222,File:Crafts and food2.jpg,https://commons.wikimedia.org/wiki/File:Crafts_and_food2.jpg,https://upload.wikimedia.org/wikipedia/commons/f/f7/Crafts_and_food2.jpg?utm_source=commons.wikimedia.org&utm_campaign=imageinfo&utm_content=original,https://thumb.wikimedia.org/wikipedia/commons/thumb/f/f7/Crafts_and_food2.jpg/960px-Crafts_and_food2.jpg?utm_source=commons.wikimedia.org&utm_campaign=imageinfo&utm_content=thumbnail,image/jpeg,1600,1200,Original uploader was Mind meal at en.wikipedia,CC BY 2.0,https://creativecommons.org/licenses/by/2.0,Creative Commons Attribution 2.0,,Transferred from en.wikipedia,"*description:Vending stalls lining the side streets. photographer: Chris Gladis photographer location:Kyoto, Japan flickr_url: [1]",12 August 2007 (original upload date),2026-09-23T09:57:56.351731+00:00,True
commons-0258,secular_control,street_context,Category:Streets in Kyoto,31120785,"File:A young japanese woman wearing traditional outfit, holding an Oil-paper umbrella.jpg","https://commons.wikimedia.org/wiki/File:A_young_japanese_woman_wearing_traditional_outfit,_holding_an_Oil-paper_umbrella.jpg",https://upload.wikimedia.org/wikipedia/commons/3/3d/A_young_japanese_woman_wearing_traditional_outfit%2C_holding_an_Oil-paper_umbrella.jpg?utm_source=commons.wikimedia.org&utm_campaign=imageinfo&utm_content=original,https://upload.wikimedia.org/wikipedia/commons/3/3d/A_young_japanese_woman_wearing_traditional_outfit%2C_holding_an_Oil-paper_umbrella.jpg?utm_source=commons.wikimedia.org&utm_campaign=imageinfo&utm_content=thumbnail_unscaled,image/jpeg,799,1200,Mstyslav Chernov/Unframe/unframe.com,CC BY-SA 3.0,https://creativecommons.org/licenses/by-sa/3.0,Creative Commons Attribution-Share Alike 3.0,,Own work,"A young japanese woman wearing traditional outfit, holding an Oil-paper umbrella",2014-02-11 21:02:30,2026-09-23T09:57:56.351731+00:00,True
commons-0259,secular_control,street_context,Category:Streets in Kyoto,31858397,File:Cherry blossom 2011 (5640983321).jpg,https://commons.wikimedia.org/wiki/File:Cherry_blossom_2011_(5640983321).jpg,https://upload.wikimedia.org/wikipedia/commons/e/e9/Cherry_blossom_2011_%285640983321%29.jpg?utm_source=commons.wikimedia.org&utm_campaign=imageinfo&utm_content=original,https://thumb.wikimedia.org/wikipedia/commons/thumb/e/e9/Cherry_blossom_2011_%285640983321%29.jpg/960px-Cherry_blossom_2011_%285640983321%29.jpg?utm_source=commons.wikimedia.org&utm_campaign=imageinfo&utm_content=thumbnail,image/jpeg,3264,4928,"Takeshi Kuboki from Amagasaki, Japan",CC BY 2.0,https://creativecommons.org/licenses/by/2.0,Creative Commons Attribution 2.0,,Cherry blossom 2011,Cherry blossom 2011 京都,2011-04-07 15:56,2026-09-23T09:57:56.351731+00:00,True
commons-0260,secular_control,street_context,Category:Streets in Kyoto,53546022,"File:Bamboo Grove, Kioto (3109908165).jpg","https://commons.wikimedia.org/wiki/File:Bamboo_Grove,_Kioto_(3109908165).jpg",https://upload.wikimedia.org/wikipedia/commons/9/99/Bamboo_Grove%2C_Kioto_%283109908165%29.jpg?utm_source=commons.wikimedia.org&utm_campaign=imageinfo&utm_content=original,https://upload.wikimedia.org/wikipedia/commons/9/99/Bamboo_Grove%2C_Kioto_%283109908165%29.jpg?utm_source=commons.wikimedia.org&utm_campaign=imageinfo&utm_content=thumbnail_unscaled,image/jpeg,606,760,New York Public Library,No restrictions,https://www.flickr.com/commons/usage/,No known copyright restrictions,,https://www.flickr.com/photos/nypl/3109908165/,"Digital ID: 110011. 189-? Source: [Album of photographs of Japan.] ( http://digitalgallery.nypl.org/nypldigital/explore/?col_id=169 ) Repository: The New York Public Library. Photography Collection, Miriam and Ira D. Wallach Division of Art, Prints and Photographs. See more information about http://digitalgallery.nypl.org/nypldigital/id?110011 and others at http://digitalgallery.nypl.org . Persistent URL: http://digitalgallery.nypl.org/nypldigital/id?110011 Rights Info: No known copyright restrictions; may be subject to third party rights (for more information, http://www.nypl.org/node/8314 )",2008-12-15 06:28:58,2026-09-23T09:57:56.351731+00:00,True
commons-0261,secular_control,street_context,Category:Streets in Kyoto,61276681,File:Ajiki street ac.jpg,https://commons.wikimedia.org/wiki/File:Ajiki_street_ac.jpg,https://upload.wikimedia.org/wikipedia/commons/a/ae/Ajiki_street_ac.jpg?utm_source=commons.wikimedia.org&utm_campaign=imageinfo&utm_content=original,https://thumb.wikimedia.org/wikipedia/commons/thumb/a/ae/Ajiki_street_ac.jpg/960px-Ajiki_street_ac.jpg?utm_source=commons.wikimedia.org&utm_campaign=imageinfo&utm_content=thumbnail,image/jpeg,6016,4000,Asturio Cantabrio,CC BY-SA 4.0,https://creativecommons.org/licenses/by-sa/4.0,Creative Commons Attribution-Share Alike 4.0,,Own work,京都市にある「あじき路地」。長屋に若手芸術家が店を構えている。,2016,2026-09-23T09:57:56.351731+00:00,True
commons-0262,secular_control,street_context,Category:Streets in Kyoto,90882318,File:Bicycle guide arrow.jpg,https://commons.wikimedia.org/wiki/File:Bicycle_guide_arrow.jpg,https://upload.wikimedia.org/wikipedia/commons/3/32/Bicycle_guide_arrow.jpg?utm_source=commons.wikimedia.org&utm_campaign=imageinfo&utm_content=original,https://thumb.wikimedia.org/wikipedia/commons/thumb/3/32/Bicycle_guide_arrow.jpg/960px-Bicycle_guide_arrow.jpg?utm_source=commons.wikimedia.org&utm_campaign=imageinfo&utm_content=thumbnail,image/jpeg,2448,3264,Takawata,CC BY-SA 4.0,https://creativecommons.org/licenses/by-sa/4.0,Creative Commons Attribution-Share Alike 4.0,,Own work,京都市内の自転車走行空間の車道混在による整備の一例。京都市内は景観保護のため自転車レーンや自転車ナビラインの表示はベンガラ色で整備されている。,2020-06-02 10:40:40,2026-09-23T09:57:56.351731+00:00,True
commons-0263,secular_control,street_context,Category:Streets in Kyoto,110066364,File:676a Kyoto 1971 (51368217110).jpg,https://commons.wikimedia.org/wiki/File:676a_Kyoto_1971_(51368217110).jpg,https://upload.wikimedia.org/wikipedia/commons/5/55/676a_Kyoto_1971_%2851368217110%29.jpg?utm_source=commons.wikimedia.org&utm_campaign=imageinfo&utm_content=original,https://thumb.wikimedia.org/wikipedia/commons/thumb/5/55/676a_Kyoto_1971_%2851368217110%29.jpg/960px-676a_Kyoto_1971_%2851368217110%29.jpg?utm_source=commons.wikimedia.org&utm_campaign=imageinfo&utm_content=thumbnail,image/jpeg,1873,2742,wilford peloquin,CC BY 2.0,https://creativecommons.org/licenses/by/2.0,Creative Commons Attribution 2.0,,676a Kyoto 1971,676a Kyoto 1971,2010-10-01 13:44,2026-09-23T09:57:56.351731+00:00,True
commons-0264,secular_control,street_context,Category:Streets in Kyoto,110066366,File:677a Kyoto 1971 (51367943704).jpg,https://commons.wikimedia.org/wiki/File:677a_Kyoto_1971_(51367943704).jpg,https://upload.wikimedia.org/wikipedia/commons/4/42/677a_Kyoto_1971_%2851367943704%29.jpg?utm_source=commons.wikimedia.org&utm_campaign=imageinfo&utm_content=original,https://thumb.wikimedia.org/wikipedia/commons/thumb/4/42/677a_Kyoto_1971_%2851367943704%29.jpg/960px-677a_Kyoto_1971_%2851367943704%29.jpg?utm_source=commons.wikimedia.org&utm_campaign=imageinfo&utm_content=thumbnail,image/jpeg,1877,2733,wilford peloquin,CC BY 2.0,https://creativecommons.org/licenses/by/2.0,Creative Commons Attribution 2.0,,677a Kyoto 1971,677a Kyoto 1971,2010-10-01 13:44,2026-09-23T09:57:56.351731+00:00,True
commons-0265,secular_control,street_context,Category:Streets in Kyoto,128731863,File:Back alley in Kyoto 2009-03-22.jpg,https://commons.wikimedia.org/wiki/File:Back_alley_in_Kyoto_2009-03-22.jpg,https://upload.wikimedia.org/wikipedia/commons/8/89/Back_alley_in_Kyoto_2009-03-22.jpg?utm_source=commons.wikimedia.org&utm_campaign=imageinfo&utm_content=original,https://thumb.wikimedia.org/wikipedia/commons/thumb/8/89/Back_alley_in_Kyoto_2009-03-22.jpg/960px-Back_alley_in_Kyoto_2009-03-22.jpg?utm_source=commons.wikimedia.org&utm_campaign=imageinfo&utm_content=thumbnail,image/jpeg,2000,1500,Kzaral,CC BY 2.0,https://creativecommons.org/licenses/by/2.0,Creative Commons Attribution 2.0,,https://www.flickr.com/photos/kzaral/3372414707/,Back alley in Kyoto,2009-03-22,2026-09-23T09:57:56.351731+00:00,True
commons-0266,secular_control,street_context,Category:Streets in Kyoto,130544010,File:A street in Kyoto (52411170563).jpg,https://commons.wikimedia.org/wiki/File:A_street_in_Kyoto_(52411170563).jpg,https://upload.wikimedia.org/wikipedia/commons/8/8e/A_street_in_Kyoto_%2852411170563%29.jpg?utm_source=commons.wikimedia.org&utm_campaign=imageinfo&utm_content=original,https://thumb.wikimedia.org/wikipedia/commons/thumb/8/8e/A_street_in_Kyoto_%2852411170563%29.jpg/960px-A_street_in_Kyoto_%2852411170563%29.jpg?utm_source=commons.wikimedia.org&utm_campaign=imageinfo&utm_content=thumbnail,image/jpeg,9528,6328,"Sergiy Galyonkin from Raleigh, USA",CC BY-SA 2.0,https://creativecommons.org/licenses/by-sa/2.0,Creative Commons Attribution-Share Alike 2.0,,A street in Kyoto,A street in Kyoto – Ishin no Michi in Higashiyama-ku,"28 July 2022, 02:59",2026-09-23T09:57:56.351731+00:00,True
commons-0267,secular_control,street_context,Category:Streets in Kyoto,130544133,File:A street in Kyoto (52437109197).jpg,https://commons.wikimedia.org/wiki/File:A_street_in_Kyoto_(52437109197).jpg,https://upload.wikimedia.org/wikipedia/commons/2/2a/A_street_in_Kyoto_%2852437109197%29.jpg?utm_source=commons.wikimedia.org&utm_campaign=imageinfo&utm_content=original,https://thumb.wikimedia.org/wikipedia/commons/thumb/2/2a/A_street_in_Kyoto_%2852437109197%29.jpg/960px-A_street_in_Kyoto_%2852437109197%29.jpg?utm_source=commons.wikimedia.org&utm_campaign=imageinfo&utm_content=thumbnail,image/jpeg,4610,4744,"Sergiy Galyonkin from Raleigh, USA",CC BY-SA 2.0,https://creativecommons.org/licenses/by-sa/2.0,Creative Commons Attribution-Share Alike 2.0,,A street in Kyoto,A street in Kyoto,"Taken on 29 July 2022, 03:53",2026-09-23T09:57:56.351731+00:00,True
commons-0268,secular_control,street_context,Category:Streets in Kyoto,146838381,File:August 2007 street in Kyoto.jpg,https://commons.wikimedia.org/wiki/File:August_2007_street_in_Kyoto.jpg,https://upload.wikimedia.org/wikipedia/commons/c/c7/August_2007_street_in_Kyoto.jpg?utm_source=commons.wikimedia.org&utm_campaign=imageinfo&utm_content=original,https://thumb.wikimedia.org/wikipedia/commons/thumb/c/c7/August_2007_street_in_Kyoto.jpg/960px-August_2007_street_in_Kyoto.jpg?utm_source=commons.wikimedia.org&utm_campaign=imageinfo&utm_content=thumbnail,image/jpeg,3072,2304,Syced,CC0,http://creativecommons.org/publicdomain/zero/1.0/deed.en,"Creative Commons Zero, Public Domain Dedication",,Own work,August 2007 street in Kyoto,27 August 2007 (according to Exif data),2026-09-23T09:57:56.351731+00:00,True
commons-0269,secular_control,street_context,Category:Streets in Kyoto,153698546,"File:Busy commercial street near Arashiyama Station (Keifuku), Kyoto, 2016.jpg","https://commons.wikimedia.org/wiki/File:Busy_commercial_street_near_Arashiyama_Station_(Keifuku),_Kyoto,_2016.jpg",https://upload.wikimedia.org/wikipedia/commons/1/15/Busy_commercial_street_near_Arashiyama_Station_%28Keifuku%29%2C_Kyoto%2C_2016.jpg?utm_source=commons.wikimedia.org&utm_campaign=imageinfo&utm_content=original,https://thumb.wikimedia.org/wikipedia/commons/thumb/1/15/Busy_commercial_street_near_Arashiyama_Station_%28Keifuku%29%2C_Kyoto%2C_2016.jpg/960px-Busy_commercial_street_near_Arashiyama_Station_%28Keifuku%29%2C_Kyoto%2C_2016.jpg?utm_source=commons.wikimedia.org&utm_campaign=imageinfo&utm_content=thumbnail,image/jpeg,6016,4000,DimiTalen,CC0,http://creativecommons.org/publicdomain/zero/1.0/deed.en,"Creative Commons Zero, Public Domain Dedication",,Own work,"Busy commercial street near Arashiyama Station (Keifuku), Kyoto, 2016",2016-04-03 09:45:32,2026-09-23T09:57:56.351731+00:00,True
commons-0270,secular_control,street_context,Category:Streets in Kyoto,156638039,File:2024-10-30 Buildings in Kyoto.jpg,https://commons.wikimedia.org/wiki/File:2024-10-30_Buildings_in_Kyoto.jpg,https://upload.wikimedia.org/wikipedia/commons/d/d0/2024-10-30_Buildings_in_Kyoto.jpg?utm_source=commons.wikimedia.org&utm_campaign=imageinfo&utm_content=original,https://thumb.wikimedia.org/wikipedia/commons/thumb/d/d0/2024-10-30_Buildings_in_Kyoto.jpg/960px-2024-10-30_Buildings_in_Kyoto.jpg?utm_source=commons.wikimedia.org&utm_campaign=imageinfo&utm_content=thumbnail,image/jpeg,4902,3268,Alexkom000,CC BY 4.0,https://creativecommons.org/licenses/by/4.0,Creative Commons Attribution 4.0,,Own work,Buildings in Kyoto,"Taken on 30 October 2024, 16:05:49",2026-09-23T09:57:56.351731+00:00,True
commons-0271,secular_control,street_context,Category:Streets in Kyoto,156639538,File:2024-10-30 A street in Kyoto.jpg,https://commons.wikimedia.org/wiki/File:2024-10-30_A_street_in_Kyoto.jpg,https://upload.wikimedia.org/wikipedia/commons/c/cf/2024-10-30_A_street_in_Kyoto.jpg?utm_source=commons.wikimedia.org&utm_campaign=imageinfo&utm_content=original,https://thumb.wikimedia.org/wikipedia/commons/thumb/c/cf/2024-10-30_A_street_in_Kyoto.jpg/960px-2024-10-30_A_street_in_Kyoto.jpg?utm_source=commons.wikimedia.org&utm_campaign=imageinfo&utm_content=thumbnail,image/jpeg,5125,3417,Alexkom000,CC BY 4.0,https://creativecommons.org/licenses/by/4.0,Creative Commons Attribution 4.0,,Own work,A street in Kyoto,"Taken on 30 October 2024, 15:38:48",2026-09-23T09:57:56.351731+00:00,True
commons-0272,secular_control,street_context,Category:Streets in Kyoto,156639544,File:2024-10-30 Kyoto.jpg,https://commons.wikimedia.org/wiki/File:2024-10-30_Kyoto.jpg,https://upload.wikimedia.org/wikipedia/commons/b/bf/2024-10-30_Kyoto.jpg?utm_source=commons.wikimedia.org&utm_campaign=imageinfo&utm_content=original,https://thumb.wikimedia.org/wikipedia/commons/thumb/b/bf/2024-10-30_Kyoto.jpg/960px-2024-10-30_Kyoto.jpg?utm_source=commons.wikimedia.org&utm_campaign=imageinfo&utm_content=thumbnail,image/jpeg,5210,3473,Alexkom000,CC BY 4.0,https://creativecommons.org/licenses/by/4.0,Creative Commons Attribution 4.0,,Own work,"Kyoto, Arisu river canal","Taken on 30 October 2024, 14:01:06",2026-09-23T09:57:56.351731+00:00,True
commons-0273,secular_control,street_context,Category:Streets in Kyoto,196027462,"File:An African spurred tortoise on the streets of Kyoto, Japan.jpg","https://commons.wikimedia.org/wiki/File:An_African_spurred_tortoise_on_the_streets_of_Kyoto,_Japan.jpg",https://upload.wikimedia.org/wikipedia/commons/e/e5/An_African_spurred_tortoise_on_the_streets_of_Kyoto%2C_Japan.jpg?utm_source=commons.wikimedia.org&utm_campaign=imageinfo&utm_content=original,https://thumb.wikimedia.org/wikipedia/commons/thumb/e/e5/An_African_spurred_tortoise_on_the_streets_of_Kyoto%2C_Japan.jpg/960px-An_African_spurred_tortoise_on_the_streets_of_Kyoto%2C_Japan.jpg?utm_source=commons.wikimedia.org&utm_campaign=imageinfo&utm_content=thumbnail,image/jpeg,4284,5712,Gatorfan252525,CC BY-SA 4.0,https://creativecommons.org/licenses/by-sa/4.0,Creative Commons Attribution-Share Alike 4.0,,Own work,"An African spurred tortoise on the streets of Kyoto, Japan",11 July 2026,2026-09-23T09:57:56.351731+00:00,True
commons-0274,secular_control,household_display,Category:Tokonoma,14723059,File:Alcove of Kendan Yashiki.jpg,https://commons.wikimedia.org/wiki/File:Alcove_of_Kendan_Yashiki.jpg,https://upload.wikimedia.org/wikipedia/commons/5/5b/Alcove_of_Kendan_Yashiki.jpg?utm_source=commons.wikimedia.org&utm_campaign=imageinfo&utm_content=original,https://thumb.wikimedia.org/wikipedia/commons/thumb/5/5b/Alcove_of_Kendan_Yashiki.jpg/960px-Alcove_of_Kendan_Yashiki.jpg?utm_source=commons.wikimedia.org&utm_campaign=imageinfo&utm_content=thumbnail,image/jpeg,5616,3744,TANAKA Juuyoh (田中十洋),CC BY 2.0,https://creativecommons.org/licenses/by/2.0,Creative Commons Attribution 2.0,,Flickr : Japanese traditional style public office / 検断屋敷(けんだん やしき),"The alcove of Kendan Yashiki which is Shiroishi City designated tangible cultural property, in the Zaimokuiwa Park in Shiroishi, Miyagi .",2009-06-07 11:49:41,2026-09-23T09:57:56.351731+00:00,True
commons-0275,secular_control,household_display,Category:Tokonoma,42770165,File:2階床の間座敷.JPG,https://commons.wikimedia.org/wiki/File:2%E9%9A%8E%E5%BA%8A%E3%81%AE%E9%96%93%E5%BA%A7%E6%95%B7.JPG,https://upload.wikimedia.org/wikipedia/commons/8/8b/2%E9%9A%8E%E5%BA%8A%E3%81%AE%E9%96%93%E5%BA%A7%E6%95%B7.JPG?utm_source=commons.wikimedia.org&utm_campaign=imageinfo&utm_content=original,https://thumb.wikimedia.org/wikipedia/commons/thumb/8/8b/2%E9%9A%8E%E5%BA%8A%E3%81%AE%E9%96%93%E5%BA%A7%E6%95%B7.JPG/960px-2%E9%9A%8E%E5%BA%8A%E3%81%AE%E9%96%93%E5%BA%A7%E6%95%B7.JPG?utm_source=commons.wikimedia.org&utm_campaign=imageinfo&utm_content=thumbnail,image/jpeg,4608,3456,Tokiwokakeru,CC BY-SA 4.0,https://creativecommons.org/licenses/by-sa/4.0,Creative Commons Attribution-Share Alike 4.0,,Own work,​身分制度などの規制を強化した元和元年（1615年）の武家諸法度発布から、規制が緩和される元禄時代までに2階床の間が有ったことが武家の証し。,2015-08-30,2026-09-23T09:57:56.351731+00:00,True
commons-0276,secular_control,household_display,Category:Tokonoma,43946855,File:150921 Todoroki-ke Azumino Nagano pref Japan16s3.jpg,https://commons.wikimedia.org/wiki/File:150921_Todoroki-ke_Azumino_Nagano_pref_Japan16s3.jpg,https://upload.wikimedia.org/wikipedia/commons/a/ab/150921_Todoroki-ke_Azumino_Nagano_pref_Japan16s3.jpg?utm_source=commons.wikimedia.org&utm_campaign=imageinfo&utm_content=original,https://thumb.wikimedia.org/wikipedia/commons/thumb/a/ab/150921_Todoroki-ke_Azumino_Nagano_pref_Japan16s3.jpg/960px-150921_Todoroki-ke_Azumino_Nagano_pref_Japan16s3.jpg?utm_source=commons.wikimedia.org&utm_campaign=imageinfo&utm_content=thumbnail,image/jpeg,6000,4000,663highland,CC BY 2.5,https://creativecommons.org/licenses/by/2.5,Creative Commons Attribution 2.5,663highland,Own work,"Todoroki House in Azumino , Nagano prefecture , Japan",2015-09-21,2026-09-23T09:57:56.351731+00:00,True
commons-0277,secular_control,household_display,Category:Tokonoma,60629103,File:Cha no yu nichinichisō by Mizuno Toshikata 07.jpg,https://commons.wikimedia.org/wiki/File:Cha_no_yu_nichinichis%C5%8D_by_Mizuno_Toshikata_07.jpg,https://upload.wikimedia.org/wikipedia/commons/e/e6/Cha_no_yu_nichinichis%C5%8D_by_Mizuno_Toshikata_07.jpg?utm_source=commons.wikimedia.org&utm_campaign=imageinfo&utm_content=original,https://thumb.wikimedia.org/wikipedia/commons/thumb/e/e6/Cha_no_yu_nichinichis%C5%8D_by_Mizuno_Toshikata_07.jpg/960px-Cha_no_yu_nichinichis%C5%8D_by_Mizuno_Toshikata_07.jpg?utm_source=commons.wikimedia.org&utm_campaign=imageinfo&utm_content=thumbnail,image/jpeg,1726,1144,Toshikata Mizuno,Public domain,,Public domain,,http://free-artworks.gatag.net/tag/%E8%8C%B6%E3%81%AE%E6%B9%AF%E6%97%A5%E3%80%85%E8%8D%89,"Replenish the fire with charcoal, from the series A Tea Ceremony Periwinkle, woodblock print",明治29年出版,2026-09-23T09:57:56.351731+00:00,True
commons-0278,secular_control,household_display,Category:Tokonoma,61093804,File:Ajg 0136.jpg,https://commons.wikimedia.org/wiki/File:Ajg_0136.jpg,https://upload.wikimedia.org/wikipedia/commons/a/a6/Ajg_0136.jpg?utm_source=commons.wikimedia.org&utm_campaign=imageinfo&utm_content=original,https://thumb.wikimedia.org/wikipedia/commons/thumb/a/a6/Ajg_0136.jpg/960px-Ajg_0136.jpg?utm_source=commons.wikimedia.org&utm_campaign=imageinfo&utm_content=thumbnail,image/jpeg,3872,2592,Ronincmc,CC BY-SA 4.0,https://creativecommons.org/licenses/by-sa/4.0,Creative Commons Attribution-Share Alike 4.0,,Own work,"Anderson Japanese Gardens in October; Rockford, IL",2010-10-17 14:08:29,2026-09-23T09:57:56.351731+00:00,True
commons-0279,secular_control,household_display,Category:Tokonoma,61093806,File:Ajg 0137.jpg,https://commons.wikimedia.org/wiki/File:Ajg_0137.jpg,https://upload.wikimedia.org/wikipedia/commons/b/b7/Ajg_0137.jpg?utm_source=commons.wikimedia.org&utm_campaign=imageinfo&utm_content=original,https://thumb.wikimedia.org/wikipedia/commons/thumb/b/b7/Ajg_0137.jpg/960px-Ajg_0137.jpg?utm_source=commons.wikimedia.org&utm_campaign=imageinfo&utm_content=thumbnail,image/jpeg,3872,2592,Ronincmc,CC BY-SA 4.0,https://creativecommons.org/licenses/by-sa/4.0,Creative Commons Attribution-Share Alike 4.0,,Own work,"Anderson Japanese Gardens in October; Rockford, IL",2010-10-17 14:08:44,2026-09-23T09:57:56.351731+00:00,True
commons-0280,secular_control,household_display,Category:Tokonoma,63426334,File:Culto do chá p96.png,https://commons.wikimedia.org/wiki/File:Culto_do_ch%C3%A1_p96.png,https://upload.wikimedia.org/wikipedia/commons/4/4b/Culto_do_ch%C3%A1_p96.png?utm_source=commons.wikimedia.org&utm_campaign=imageinfo&utm_content=original,https://upload.wikimedia.org/wikipedia/commons/4/4b/Culto_do_ch%C3%A1_p96.png?utm_source=commons.wikimedia.org&utm_campaign=imageinfo&utm_content=thumbnail_unscaled,image/png,572,615,Yoshiaki Utagawa,Public domain,,Public domain,,O culto do chá,Ilustração na obra O culto do chá .,1905,2026-09-23T09:57:56.351731+00:00,True
commons-0281,secular_control,household_display,Category:Tokonoma,75032924,File:181123 Kiunkaku Atami Shizuoka pref Japan08n.jpg,https://commons.wikimedia.org/wiki/File:181123_Kiunkaku_Atami_Shizuoka_pref_Japan08n.jpg,https://upload.wikimedia.org/wikipedia/commons/9/9b/181123_Kiunkaku_Atami_Shizuoka_pref_Japan08n.jpg?utm_source=commons.wikimedia.org&utm_campaign=imageinfo&utm_content=original,https://thumb.wikimedia.org/wikipedia/commons/thumb/9/9b/181123_Kiunkaku_Atami_Shizuoka_pref_Japan08n.jpg/960px-181123_Kiunkaku_Atami_Shizuoka_pref_Japan08n.jpg?utm_source=commons.wikimedia.org&utm_campaign=imageinfo&utm_content=thumbnail,image/jpeg,6000,4000,663highland,CC BY-SA 4.0,https://creativecommons.org/licenses/by-sa/4.0,Creative Commons Attribution-Share Alike 4.0,Photo by 663highland,Own work,"Kiunkaku in Atami , Shizuoka prefecture , Japan .",2018-11-23,2026-09-23T09:57:56.351731+00:00,True
commons-0282,secular_control,household_display,Category:Tokonoma,114700452,File:AN EIGHT-MATTED PARLOUR. (1910) - illustration - page 047.png,https://commons.wikimedia.org/wiki/File:AN_EIGHT-MATTED_PARLOUR._(1910)_-_illustration_-_page_047.png,https://upload.wikimedia.org/wikipedia/commons/6/6f/AN_EIGHT-MATTED_PARLOUR._%281910%29_-_illustration_-_page_047.png?utm_source=commons.wikimedia.org&utm_campaign=imageinfo&utm_content=original,https://thumb.wikimedia.org/wikipedia/commons/thumb/6/6f/AN_EIGHT-MATTED_PARLOUR._%281910%29_-_illustration_-_page_047.png/960px-AN_EIGHT-MATTED_PARLOUR._%281910%29_-_illustration_-_page_047.png?utm_source=commons.wikimedia.org&utm_campaign=imageinfo&utm_content=thumbnail,image/png,1181,751,Unknown engraver,Public domain,,Public domain,,https://www.gutenberg.org/ebooks/65870,"Illustration from page 047 of AN EIGHT-MATTED PARLOUR. . Image reference: ""11"" Caption: ""AN EIGHT-MATTED PARLOUR.""",1910,2026-09-23T09:57:56.351731+00:00,True
commons-0283,secular_control,household_display,Category:Tokonoma,114823235,File:A MEAL. (1910) - illustration - page 063.png,https://commons.wikimedia.org/wiki/File:A_MEAL._(1910)_-_illustration_-_page_063.png,https://upload.wikimedia.org/wikipedia/commons/0/0d/A_MEAL._%281910%29_-_illustration_-_page_063.png?utm_source=commons.wikimedia.org&utm_campaign=imageinfo&utm_content=original,https://thumb.wikimedia.org/wikipedia/commons/thumb/0/0d/A_MEAL._%281910%29_-_illustration_-_page_063.png/960px-A_MEAL._%281910%29_-_illustration_-_page_063.png?utm_source=commons.wikimedia.org&utm_campaign=imageinfo&utm_content=thumbnail,image/png,1183,777,Unknown author Unknown author,Public domain,,Public domain,,https://www.gutenberg.org/ebooks/65870,"Illustration from page 063 of A MEAL. . Image reference: ""18"" Caption: ""A MEAL.""",1910,2026-09-23T09:57:56.351731+00:00,True
commons-0284,secular_control,household_display,Category:Tokonoma,118815559,File:2018 Ikenobō Autumn Tanabata Exhibition 74.jpg,https://commons.wikimedia.org/wiki/File:2018_Ikenob%C5%8D_Autumn_Tanabata_Exhibition_74.jpg,https://upload.wikimedia.org/wikipedia/commons/1/1f/2018_Ikenob%C5%8D_Autumn_Tanabata_Exhibition_74.jpg?utm_source=commons.wikimedia.org&utm_campaign=imageinfo&utm_content=original,https://thumb.wikimedia.org/wikipedia/commons/thumb/1/1f/2018_Ikenob%C5%8D_Autumn_Tanabata_Exhibition_74.jpg/960px-2018_Ikenob%C5%8D_Autumn_Tanabata_Exhibition_74.jpg?utm_source=commons.wikimedia.org&utm_campaign=imageinfo&utm_content=thumbnail,image/jpeg,2016,1512,Gryffindor,CC0,http://creativecommons.org/publicdomain/zero/1.0/deed.en,"Creative Commons Zero, Public Domain Dedication",,Own work,"One of the oldest forms is the Tatehana (立花). Here it is in an alcove ( hongatte tokonoma 床の間), in front of a hanging scroll ( kakemono 掛物). The hongatte arrangement and the scroll are related to each other and form an ensemble with the alcove. Exhibited at the Dōjō (道場), 2018 Ikenobō Autumn Tanabata Exhibition, Ikenobō Iemoto Dōjō.",2018-11-09,2026-09-23T09:57:56.351731+00:00,True
commons-0285,secular_control,household_display,Category:Tokonoma,118815560,File:2018 Ikenobō Autumn Tanabata Exhibition 75.jpg,https://commons.wikimedia.org/wiki/File:2018_Ikenob%C5%8D_Autumn_Tanabata_Exhibition_75.jpg,https://upload.wikimedia.org/wikipedia/commons/f/fb/2018_Ikenob%C5%8D_Autumn_Tanabata_Exhibition_75.jpg?utm_source=commons.wikimedia.org&utm_campaign=imageinfo&utm_content=original,https://thumb.wikimedia.org/wikipedia/commons/thumb/f/fb/2018_Ikenob%C5%8D_Autumn_Tanabata_Exhibition_75.jpg/960px-2018_Ikenob%C5%8D_Autumn_Tanabata_Exhibition_75.jpg?utm_source=commons.wikimedia.org&utm_campaign=imageinfo&utm_content=thumbnail,image/jpeg,2016,1512,Gryffindor,CC0,http://creativecommons.org/publicdomain/zero/1.0/deed.en,"Creative Commons Zero, Public Domain Dedication",,Own work,"A Gyakugatte arrangement in a shimoza-doko ( gyakugatte tokonoma ). Exhibited at the Dōjō (道場), 2018 Ikenobō Autumn Tanabata Exhibition, Ikenobō Iemoto Dōjō.",2018-11-09,2026-09-23T09:57:56.351731+00:00,True
commons-0286,secular_control,household_display,Category:Tokonoma,129752553,File:Awa-Ikeda Udatsu House hanare ac (5).jpg,https://commons.wikimedia.org/wiki/File:Awa-Ikeda_Udatsu_House_hanare_ac_(5).jpg,https://upload.wikimedia.org/wikipedia/commons/9/91/Awa-Ikeda_Udatsu_House_hanare_ac_%285%29.jpg?utm_source=commons.wikimedia.org&utm_campaign=imageinfo&utm_content=original,https://thumb.wikimedia.org/wikipedia/commons/thumb/9/91/Awa-Ikeda_Udatsu_House_hanare_ac_%285%29.jpg/960px-Awa-Ikeda_Udatsu_House_hanare_ac_%285%29.jpg?utm_source=commons.wikimedia.org&utm_campaign=imageinfo&utm_content=thumbnail,image/jpeg,5939,3949,Asturio Cantabrio,CC BY-SA 4.0,https://creativecommons.org/licenses/by-sa/4.0,Creative Commons Attribution-Share Alike 4.0,,Own work,徳島県三好市池田町マチ2465-1にある阿波池田うだつの家・たばこ資料館。建物の旧真鍋家住宅は三好市指定文化財。,2023-03,2026-09-23T09:57:56.351731+00:00,True
commons-0287,secular_control,household_display,Category:Tokonoma,129752589,File:Awa-Ikeda Udatsu House shinzashiki ac (2).jpg,https://commons.wikimedia.org/wiki/File:Awa-Ikeda_Udatsu_House_shinzashiki_ac_(2).jpg,https://upload.wikimedia.org/wikipedia/commons/0/04/Awa-Ikeda_Udatsu_House_shinzashiki_ac_%282%29.jpg?utm_source=commons.wikimedia.org&utm_campaign=imageinfo&utm_content=original,https://thumb.wikimedia.org/wikipedia/commons/thumb/0/04/Awa-Ikeda_Udatsu_House_shinzashiki_ac_%282%29.jpg/960px-Awa-Ikeda_Udatsu_House_shinzashiki_ac_%282%29.jpg?utm_source=commons.wikimedia.org&utm_campaign=imageinfo&utm_content=thumbnail,image/jpeg,5973,3971,Asturio Cantabrio,CC BY-SA 4.0,https://creativecommons.org/licenses/by-sa/4.0,Creative Commons Attribution-Share Alike 4.0,,Own work,徳島県三好市池田町マチ2465-1にある阿波池田うだつの家・たばこ資料館。建物の旧真鍋家住宅は三好市指定文化財。,2023-03,2026-09-23T09:57:56.351731+00:00,True
commons-0288,secular_control,household_display,Category:Tokonoma,129752590,File:Awa-Ikeda Udatsu House shinzashiki ac (3).jpg,https://commons.wikimedia.org/wiki/File:Awa-Ikeda_Udatsu_House_shinzashiki_ac_(3).jpg,https://upload.wikimedia.org/wikipedia/commons/d/d3/Awa-Ikeda_Udatsu_House_shinzashiki_ac_%283%29.jpg?utm_source=commons.wikimedia.org&utm_campaign=imageinfo&utm_content=original,https://thumb.wikimedia.org/wikipedia/commons/thumb/d/d3/Awa-Ikeda_Udatsu_House_shinzashiki_ac_%283%29.jpg/960px-Awa-Ikeda_Udatsu_House_shinzashiki_ac_%283%29.jpg?utm_source=commons.wikimedia.org&utm_campaign=imageinfo&utm_content=thumbnail,image/jpeg,5981,3977,Asturio Cantabrio,CC BY-SA 4.0,https://creativecommons.org/licenses/by-sa/4.0,Creative Commons Attribution-Share Alike 4.0,,Own work,徳島県三好市池田町マチ2465-1にある阿波池田うだつの家・たばこ資料館。建物の旧真鍋家住宅は三好市指定文化財。,2023-03,2026-09-23T09:57:56.351731+00:00,True
commons-0289,secular_control,household_display,Category:Tokonoma,137565406,File:221028 Izushi Museum Toyooka Hyogo pref Japan04s3.jpg,https://commons.wikimedia.org/wiki/File:221028_Izushi_Museum_Toyooka_Hyogo_pref_Japan04s3.jpg,https://upload.wikimedia.org/wikipedia/commons/8/8f/221028_Izushi_Museum_Toyooka_Hyogo_pref_Japan04s3.jpg?utm_source=commons.wikimedia.org&utm_campaign=imageinfo&utm_content=original,https://thumb.wikimedia.org/wikipedia/commons/thumb/8/8f/221028_Izushi_Museum_Toyooka_Hyogo_pref_Japan04s3.jpg/960px-221028_Izushi_Museum_Toyooka_Hyogo_pref_Japan04s3.jpg?utm_source=commons.wikimedia.org&utm_campaign=imageinfo&utm_content=thumbnail,image/jpeg,6000,4000,663highland,CC BY-SA 4.0,https://creativecommons.org/licenses/by-sa/4.0,Creative Commons Attribution-Share Alike 4.0,,Own work,"Izushi Museum in Toyooka , Hyogo prefecture , Japan .",2022-10-28,2026-09-23T09:57:56.351731+00:00,True
commons-0290,secular_control,household_display,Category:Tokonoma,145622012,File:231027 Suehiro Shizuoka Japan08s3.jpg,https://commons.wikimedia.org/wiki/File:231027_Suehiro_Shizuoka_Japan08s3.jpg,https://upload.wikimedia.org/wikipedia/commons/1/14/231027_Suehiro_Shizuoka_Japan08s3.jpg?utm_source=commons.wikimedia.org&utm_campaign=imageinfo&utm_content=original,https://thumb.wikimedia.org/wikipedia/commons/thumb/1/14/231027_Suehiro_Shizuoka_Japan08s3.jpg/960px-231027_Suehiro_Shizuoka_Japan08s3.jpg?utm_source=commons.wikimedia.org&utm_campaign=imageinfo&utm_content=thumbnail,image/jpeg,5472,3648,663highland,CC BY-SA 4.0,https://creativecommons.org/licenses/by-sa/4.0,Creative Commons Attribution-Share Alike 4.0,,Own work,"Suehiro in Shizuoka, Shizuoka prefecture , Japan",2023-10-27,2026-09-23T09:57:56.351731+00:00,True
commons-0291,secular_control,household_display,Category:Tokonoma,153873803,File:241006 The Suzuki-homestead Kainan Wakayama pref Japan11s3.jpg,https://commons.wikimedia.org/wiki/File:241006_The_Suzuki-homestead_Kainan_Wakayama_pref_Japan11s3.jpg,https://upload.wikimedia.org/wikipedia/commons/a/aa/241006_The_Suzuki-homestead_Kainan_Wakayama_pref_Japan11s3.jpg?utm_source=commons.wikimedia.org&utm_campaign=imageinfo&utm_content=original,https://thumb.wikimedia.org/wikipedia/commons/thumb/a/aa/241006_The_Suzuki-homestead_Kainan_Wakayama_pref_Japan11s3.jpg/960px-241006_The_Suzuki-homestead_Kainan_Wakayama_pref_Japan11s3.jpg?utm_source=commons.wikimedia.org&utm_campaign=imageinfo&utm_content=thumbnail,image/jpeg,5472,3648,663highland,CC BY-SA 4.0,https://creativecommons.org/licenses/by-sa/4.0,Creative Commons Attribution-Share Alike 4.0,,Own work,"Suzuki-homestead in Kainan , Wakayama prefecture , Japan",2024-10-06,2026-09-23T09:57:56.351731+00:00,True
commons-0292,secular_control,street_object,Category:Vending machines in Kyoto,2237698,File:Lingerie vending machine.jpg,https://commons.wikimedia.org/wiki/File:Lingerie_vending_machine.jpg,https://upload.wikimedia.org/wikipedia/commons/7/7f/Lingerie_vending_machine.jpg?utm_source=commons.wikimedia.org&utm_campaign=imageinfo&utm_content=original,https://thumb.wikimedia.org/wikipedia/commons/thumb/7/7f/Lingerie_vending_machine.jpg/960px-Lingerie_vending_machine.jpg?utm_source=commons.wikimedia.org&utm_campaign=imageinfo&utm_content=thumbnail,image/jpeg,1536,2048,"François Rejeté from Paris, moving to Japan, France",CC BY 2.0,https://creativecommons.org/licenses/by/2.0,Creative Commons Attribution 2.0,,Flickr,lingerie vending machine,2005-07-17 17:04:10,2026-09-23T09:57:56.351731+00:00,True
commons-0293,secular_control,street_object,Category:Vending machines in Kyoto,7998986,File:Nijo Castle J09 12.jpg,https://commons.wikimedia.org/wiki/File:Nijo_Castle_J09_12.jpg,https://upload.wikimedia.org/wikipedia/commons/1/18/Nijo_Castle_J09_12.jpg?utm_source=commons.wikimedia.org&utm_campaign=imageinfo&utm_content=original,https://thumb.wikimedia.org/wikipedia/commons/thumb/1/18/Nijo_Castle_J09_12.jpg/960px-Nijo_Castle_J09_12.jpg?utm_source=commons.wikimedia.org&utm_campaign=imageinfo&utm_content=thumbnail,image/jpeg,1664,2496,Corpse Reviver,CC BY 3.0,https://creativecommons.org/licenses/by/3.0,Creative Commons Attribution 3.0,,Own work,二条城 。 受付所にある入場券販売機。,2009-07-17 15:10:18,2026-09-23T09:57:56.351731+00:00,True
commons-0294,secular_control,street_object,Category:Vending machines in Kyoto,12804971,File:Oumiya2767.JPG,https://commons.wikimedia.org/wiki/File:Oumiya2767.JPG,https://upload.wikimedia.org/wikipedia/commons/c/c2/Oumiya2767.JPG?utm_source=commons.wikimedia.org&utm_campaign=imageinfo&utm_content=original,https://thumb.wikimedia.org/wikipedia/commons/thumb/c/c2/Oumiya2767.JPG/960px-Oumiya2767.JPG?utm_source=commons.wikimedia.org&utm_campaign=imageinfo&utm_content=thumbnail,image/jpeg,3072,2304,Mariemon,CC BY-SA 3.0,https://creativecommons.org/licenses/by-sa/3.0,Creative Commons Attribution-Share Alike 3.0,Mariemon,"Own work by the original uploader 〔 Transferred from ja.wikipedia to Commons. , ja:ファイル:近江屋2767.JPG 〕","Former Ōmiya house, now convenience store in Kyoto. Ryōma Sakamoto and Shintarō Nakaoka were assassinated here in Dec. 10 1867.","6 April 2010, 12:11",2026-09-23T09:57:56.351731+00:00,True
commons-0295,secular_control,street_object,Category:Vending machines in Kyoto,31173942,File:Porn vending machines in Japan.jpg,https://commons.wikimedia.org/wiki/File:Porn_vending_machines_in_Japan.jpg,https://upload.wikimedia.org/wikipedia/commons/0/05/Porn_vending_machines_in_Japan.jpg?utm_source=commons.wikimedia.org&utm_campaign=imageinfo&utm_content=original,https://thumb.wikimedia.org/wikipedia/commons/thumb/0/05/Porn_vending_machines_in_Japan.jpg/960px-Porn_vending_machines_in_Japan.jpg?utm_source=commons.wikimedia.org&utm_campaign=imageinfo&utm_content=thumbnail,image/jpeg,1600,1200,Patrick Yodarus,CC BY-SA 2.0,https://creativecommons.org/licenses/by-sa/2.0,Creative Commons Attribution-Share Alike 2.0,,Flickr : IMG_0891,Porn vending machines in Japan,2001-05-27 15:52:56,2026-09-23T09:57:56.351731+00:00,True
commons-0296,secular_control,street_object,Category:Vending machines in Kyoto,31174095,File:Porn vending machines in Japan 02.jpg,https://commons.wikimedia.org/wiki/File:Porn_vending_machines_in_Japan_02.jpg,https://upload.wikimedia.org/wikipedia/commons/8/81/Porn_vending_machines_in_Japan_02.jpg?utm_source=commons.wikimedia.org&utm_campaign=imageinfo&utm_content=original,https://thumb.wikimedia.org/wikipedia/commons/thumb/8/81/Porn_vending_machines_in_Japan_02.jpg/960px-Porn_vending_machines_in_Japan_02.jpg?utm_source=commons.wikimedia.org&utm_campaign=imageinfo&utm_content=thumbnail,image/jpeg,1600,1200,Patrick Yodarus,CC BY-SA 2.0,https://creativecommons.org/licenses/by-sa/2.0,Creative Commons Attribution-Share Alike 2.0,,Flickr : IMG_0908,,2001-05-27 19:39:38,2026-09-23T09:57:56.351731+00:00,True
commons-0297,secular_control,street_object,Category:Vending machines in Kyoto,44756247,File:コカコーラ自販機の間隔 (22680304391).jpg,https://commons.wikimedia.org/wiki/File:%E3%82%B3%E3%82%AB%E3%82%B3%E3%83%BC%E3%83%A9%E8%87%AA%E8%B2%A9%E6%A9%9F%E3%81%AE%E9%96%93%E9%9A%94_(22680304391).jpg,https://upload.wikimedia.org/wikipedia/commons/d/de/%E3%82%B3%E3%82%AB%E3%82%B3%E3%83%BC%E3%83%A9%E8%87%AA%E8%B2%A9%E6%A9%9F%E3%81%AE%E9%96%93%E9%9A%94_%2822680304391%29.jpg?utm_source=commons.wikimedia.org&utm_campaign=imageinfo&utm_content=original,https://thumb.wikimedia.org/wikipedia/commons/thumb/d/de/%E3%82%B3%E3%82%AB%E3%82%B3%E3%83%BC%E3%83%A9%E8%87%AA%E8%B2%A9%E6%A9%9F%E3%81%AE%E9%96%93%E9%9A%94_%2822680304391%29.jpg/960px-%E3%82%B3%E3%82%AB%E3%82%B3%E3%83%BC%E3%83%A9%E8%87%AA%E8%B2%A9%E6%A9%9F%E3%81%AE%E9%96%93%E9%9A%94_%2822680304391%29.jpg?utm_source=commons.wikimedia.org&utm_campaign=imageinfo&utm_content=thumbnail,image/jpeg,5849,4000,Francisco Anzola,CC BY 2.0,https://creativecommons.org/licenses/by/2.0,Creative Commons Attribution 2.0,,Row of old houses,Row of old houses,2015-11-01 01:38,2026-09-23T09:57:56.351731+00:00,True
commons-0298,secular_control,street_object,Category:Vending machines in Kyoto,46078614,File:チリ紙 (21764754558).jpg,https://commons.wikimedia.org/wiki/File:%E3%83%81%E3%83%AA%E7%B4%99_(21764754558).jpg,https://upload.wikimedia.org/wikipedia/commons/3/36/%E3%83%81%E3%83%AA%E7%B4%99_%2821764754558%29.jpg?utm_source=commons.wikimedia.org&utm_campaign=imageinfo&utm_content=original,https://thumb.wikimedia.org/wikipedia/commons/thumb/3/36/%E3%83%81%E3%83%AA%E7%B4%99_%2821764754558%29.jpg/960px-%E3%83%81%E3%83%AA%E7%B4%99_%2821764754558%29.jpg?utm_source=commons.wikimedia.org&utm_campaign=imageinfo&utm_content=thumbnail,image/jpeg,1536,2048,Scarper Montgomery,CC BY-SA 2.0,https://creativecommons.org/licenses/by-sa/2.0,Creative Commons Attribution-Share Alike 2.0,,CIMG0109,[1],2015-08-04 16:57,2026-09-23T09:57:56.351731+00:00,True
commons-0299,secular_control,street_object,Category:Vending machines in Kyoto,56933774,File:カード自販機 2017 (33252098635).jpg,https://commons.wikimedia.org/wiki/File:%E3%82%AB%E3%83%BC%E3%83%89%E8%87%AA%E8%B2%A9%E6%A9%9F_2017_(33252098635).jpg,https://upload.wikimedia.org/wikipedia/commons/f/f9/%E3%82%AB%E3%83%BC%E3%83%89%E8%87%AA%E8%B2%A9%E6%A9%9F_2017_%2833252098635%29.jpg?utm_source=commons.wikimedia.org&utm_campaign=imageinfo&utm_content=original,https://thumb.wikimedia.org/wikipedia/commons/thumb/f/f9/%E3%82%AB%E3%83%BC%E3%83%89%E8%87%AA%E8%B2%A9%E6%A9%9F_2017_%2833252098635%29.jpg/960px-%E3%82%AB%E3%83%BC%E3%83%89%E8%87%AA%E8%B2%A9%E6%A9%9F_2017_%2833252098635%29.jpg?utm_source=commons.wikimedia.org&utm_campaign=imageinfo&utm_content=thumbnail,image/jpeg,3024,4032,"bangdoll from Taipei,Taiwan",CC BY-SA 2.0,https://creativecommons.org/licenses/by-sa/2.0,Creative Commons Attribution-Share Alike 2.0,,IMG_8731,Uploaded from bangdoll-iPhone7plus.,2017-03-04 13:07,2026-09-23T09:57:56.351731+00:00,True
commons-0300,secular_control,street_object,Category:Vending machines in Kyoto,57357409,File:はし おてもと (26368442382).jpg,https://commons.wikimedia.org/wiki/File:%E3%81%AF%E3%81%97_%E3%81%8A%E3%81%A6%E3%82%82%E3%81%A8_(26368442382).jpg,https://upload.wikimedia.org/wikipedia/commons/6/65/%E3%81%AF%E3%81%97_%E3%81%8A%E3%81%A6%E3%82%82%E3%81%A8_%2826368442382%29.jpg?utm_source=commons.wikimedia.org&utm_campaign=imageinfo&utm_content=original,https://thumb.wikimedia.org/wikipedia/commons/thumb/6/65/%E3%81%AF%E3%81%97_%E3%81%8A%E3%81%A6%E3%82%82%E3%81%A8_%2826368442382%29.jpg/960px-%E3%81%AF%E3%81%97_%E3%81%8A%E3%81%A6%E3%82%82%E3%81%A8_%2826368442382%29.jpg?utm_source=commons.wikimedia.org&utm_campaign=imageinfo&utm_content=thumbnail,image/jpeg,4032,3024,Kyle Taylor,CC BY 2.0,https://creativecommons.org/licenses/by/2.0,Creative Commons Attribution 2.0,,Kyoto 2016,More at kyletaylor.com,2016-03-15 12:22,2026-09-23T09:57:56.351731+00:00,True
commons-0301,secular_control,street_object,Category:Vending machines in Kyoto,57357423,File:自販機 2016 (25857934963).jpg,https://commons.wikimedia.org/wiki/File:%E8%87%AA%E8%B2%A9%E6%A9%9F_2016_(25857934963).jpg,https://upload.wikimedia.org/wikipedia/commons/e/e8/%E8%87%AA%E8%B2%A9%E6%A9%9F_2016_%2825857934963%29.jpg?utm_source=commons.wikimedia.org&utm_campaign=imageinfo&utm_content=original,https://thumb.wikimedia.org/wikipedia/commons/thumb/e/e8/%E8%87%AA%E8%B2%A9%E6%A9%9F_2016_%2825857934963%29.jpg/960px-%E8%87%AA%E8%B2%A9%E6%A9%9F_2016_%2825857934963%29.jpg?utm_source=commons.wikimedia.org&utm_campaign=imageinfo&utm_content=thumbnail,image/jpeg,3024,4032,Kyle Taylor,CC BY 2.0,https://creativecommons.org/licenses/by/2.0,Creative Commons Attribution 2.0,,Kyoto 2016,More at kyletaylor.com,2016-03-15 12:21,2026-09-23T09:57:56.351731+00:00,True
commons-0302,secular_control,street_object,Category:Vending machines in Kyoto,84226952,File:TOBACCO (49095596036).jpg,https://commons.wikimedia.org/wiki/File:TOBACCO_(49095596036).jpg,https://upload.wikimedia.org/wikipedia/commons/6/68/TOBACCO_%2849095596036%29.jpg?utm_source=commons.wikimedia.org&utm_campaign=imageinfo&utm_content=original,https://thumb.wikimedia.org/wikipedia/commons/thumb/6/68/TOBACCO_%2849095596036%29.jpg/960px-TOBACCO_%2849095596036%29.jpg?utm_source=commons.wikimedia.org&utm_campaign=imageinfo&utm_content=thumbnail,image/jpeg,5405,8108,"m-louis .® from Osaka, Japan",CC BY-SA 2.0,https://creativecommons.org/licenses/by-sa/2.0,Creative Commons Attribution-Share Alike 2.0,,TOBACCO,"Jul 10, 2019 at 13:44, Kyoto 山科",2019-07-10 13:44,2026-09-23T09:57:56.351731+00:00,True
commons-0303,secular_control,street_object,Category:Vending machines in Kyoto,124198664,File:なんだこれは？これは自販機です.JPG,https://commons.wikimedia.org/wiki/File:%E3%81%AA%E3%82%93%E3%81%A0%E3%81%93%E3%82%8C%E3%81%AF%EF%BC%9F%E3%81%93%E3%82%8C%E3%81%AF%E8%87%AA%E8%B2%A9%E6%A9%9F%E3%81%A7%E3%81%99.JPG,https://upload.wikimedia.org/wikipedia/commons/8/8b/%E3%81%AA%E3%82%93%E3%81%A0%E3%81%93%E3%82%8C%E3%81%AF%EF%BC%9F%E3%81%93%E3%82%8C%E3%81%AF%E8%87%AA%E8%B2%A9%E6%A9%9F%E3%81%A7%E3%81%99.JPG?utm_source=commons.wikimedia.org&utm_campaign=imageinfo&utm_content=original,https://thumb.wikimedia.org/wikipedia/commons/thumb/8/8b/%E3%81%AA%E3%82%93%E3%81%A0%E3%81%93%E3%82%8C%E3%81%AF%EF%BC%9F%E3%81%93%E3%82%8C%E3%81%AF%E8%87%AA%E8%B2%A9%E6%A9%9F%E3%81%A7%E3%81%99.JPG/960px-%E3%81%AA%E3%82%93%E3%81%A0%E3%81%93%E3%82%8C%E3%81%AF%EF%BC%9F%E3%81%93%E3%82%8C%E3%81%AF%E8%87%AA%E8%B2%A9%E6%A9%9F%E3%81%A7%E3%81%99.JPG?utm_source=commons.wikimedia.org&utm_campaign=imageinfo&utm_content=thumbnail,image/jpeg,1149,1941,Okajun,CC BY-SA 3.0,http://creativecommons.org/licenses/by-sa/3.0/,Creative Commons Attribution-Share Alike 3.0,,Own work,5月26日 ja:金閣寺 にて投稿者が撮影,,2026-09-23T09:57:56.351731+00:00,True
commons-0304,secular_control,street_object,Category:Vending machines in Kyoto,158917481,File:Sizuya vending machine at Karasuma Oike Station.jpg,https://commons.wikimedia.org/wiki/File:Sizuya_vending_machine_at_Karasuma_Oike_Station.jpg,https://upload.wikimedia.org/wikipedia/commons/d/d4/Sizuya_vending_machine_at_Karasuma_Oike_Station.jpg?utm_source=commons.wikimedia.org&utm_campaign=imageinfo&utm_content=original,https://thumb.wikimedia.org/wikipedia/commons/thumb/d/d4/Sizuya_vending_machine_at_Karasuma_Oike_Station.jpg/960px-Sizuya_vending_machine_at_Karasuma_Oike_Station.jpg?utm_source=commons.wikimedia.org&utm_campaign=imageinfo&utm_content=thumbnail,image/jpeg,2915,3887,Yasu ( talk ),CC BY-SA 3.0,https://creativecommons.org/licenses/by-sa/3.0,Creative Commons Attribution-Share Alike 3.0,,Own work,"Vending machine operated by the bakery chain Sizuya in Kyoto, Japan, at Kyoto Municipal Subway Karasuma Oike Station",Taken on 30 March 2024,2026-09-23T09:57:56.351731+00:00,True
commons-0305,secular_control,street_object,Category:Vending machines in Kyoto,56159552,File:Bicycle next to vending machine 2016 (31147115423).jpg,https://commons.wikimedia.org/wiki/File:Bicycle_next_to_vending_machine_2016_(31147115423).jpg,https://upload.wikimedia.org/wikipedia/commons/b/b0/Bicycle_next_to_vending_machine_2016_%2831147115423%29.jpg?utm_source=commons.wikimedia.org&utm_campaign=imageinfo&utm_content=original,https://thumb.wikimedia.org/wikipedia/commons/thumb/b/b0/Bicycle_next_to_vending_machine_2016_%2831147115423%29.jpg/960px-Bicycle_next_to_vending_machine_2016_%2831147115423%29.jpg?utm_source=commons.wikimedia.org&utm_campaign=imageinfo&utm_content=thumbnail,image/jpeg,4931,3287,Khairil Yusof from Malaysia,CC BY 2.0,https://creativecommons.org/licenses/by/2.0,Creative Commons Attribution 2.0,,Bicycle next to vending machine,Kyoto,2016-12-15 03:10,2026-09-23T09:57:56.351731+00:00,True
commons-0306,secular_control,street_object,Category:Vending machines in Kyoto,65594383,File:An amusing sign (531061328).jpg,https://commons.wikimedia.org/wiki/File:An_amusing_sign_(531061328).jpg,https://upload.wikimedia.org/wikipedia/commons/9/96/An_amusing_sign_%28531061328%29.jpg?utm_source=commons.wikimedia.org&utm_campaign=imageinfo&utm_content=original,https://thumb.wikimedia.org/wikipedia/commons/thumb/9/96/An_amusing_sign_%28531061328%29.jpg/960px-An_amusing_sign_%28531061328%29.jpg?utm_source=commons.wikimedia.org&utm_campaign=imageinfo&utm_content=thumbnail,image/jpeg,1920,2560,Katie from USA,CC BY-SA 2.0,https://creativecommons.org/licenses/by-sa/2.0,Creative Commons Attribution-Share Alike 2.0,,an amusing sign,京都河原町にあったチュチュアンナ河原町店。京都市中京区塩屋町322。閉業（閉業年不明）。,2007-05-23 13:41,2026-09-23T09:57:56.351731+00:00,True
commons-0307,secular_control,street_object,Category:Vending machines in Kyoto,128096284,File:E-40 （イーフォーティ）.jpg,https://commons.wikimedia.org/wiki/File:E-40_%EF%BC%88%E3%82%A4%E3%83%BC%E3%83%95%E3%82%A9%E3%83%BC%E3%83%86%E3%82%A3%EF%BC%89.jpg,https://upload.wikimedia.org/wikipedia/commons/e/ea/E-40_%EF%BC%88%E3%82%A4%E3%83%BC%E3%83%95%E3%82%A9%E3%83%BC%E3%83%86%E3%82%A3%EF%BC%89.jpg?utm_source=commons.wikimedia.org&utm_campaign=imageinfo&utm_content=original,https://thumb.wikimedia.org/wikipedia/commons/thumb/e/ea/E-40_%EF%BC%88%E3%82%A4%E3%83%BC%E3%83%95%E3%82%A9%E3%83%BC%E3%83%86%E3%82%A3%EF%BC%89.jpg/960px-E-40_%EF%BC%88%E3%82%A4%E3%83%BC%E3%83%95%E3%82%A9%E3%83%BC%E3%83%86%E3%82%A3%EF%BC%89.jpg?utm_source=commons.wikimedia.org&utm_campaign=imageinfo&utm_content=thumbnail,image/jpeg,1929,3282,Sandwich,Public domain,,Public domain,,Sandwich本人が撮影,日本コカ･コーラのベンダーe-40 （イーフォーティ）,2008-11-24,2026-09-23T09:57:56.351731+00:00,True
commons-0308,secular_control,street_object,Category:Vending machines in Kyoto,128684454,File:E-40 （イーフォーティ）操作部.jpg,https://commons.wikimedia.org/wiki/File:E-40_%EF%BC%88%E3%82%A4%E3%83%BC%E3%83%95%E3%82%A9%E3%83%BC%E3%83%86%E3%82%A3%EF%BC%89%E6%93%8D%E4%BD%9C%E9%83%A8.jpg,https://upload.wikimedia.org/wikipedia/commons/f/f1/E-40_%EF%BC%88%E3%82%A4%E3%83%BC%E3%83%95%E3%82%A9%E3%83%BC%E3%83%86%E3%82%A3%EF%BC%89%E6%93%8D%E4%BD%9C%E9%83%A8.jpg?utm_source=commons.wikimedia.org&utm_campaign=imageinfo&utm_content=original,https://thumb.wikimedia.org/wikipedia/commons/thumb/f/f1/E-40_%EF%BC%88%E3%82%A4%E3%83%BC%E3%83%95%E3%82%A9%E3%83%BC%E3%83%86%E3%82%A3%EF%BC%89%E6%93%8D%E4%BD%9C%E9%83%A8.jpg/960px-E-40_%EF%BC%88%E3%82%A4%E3%83%BC%E3%83%95%E3%82%A9%E3%83%BC%E3%83%86%E3%82%A3%EF%BC%89%E6%93%8D%E4%BD%9C%E9%83%A8.jpg?utm_source=commons.wikimedia.org&utm_campaign=imageinfo&utm_content=thumbnail,image/jpeg,1024,683,Sandwich,Public domain,,Public domain,,Sandwich本人が撮影,日本コカ･コーラのベンダーe-40 （イーフォーティ）操作部,2008-11-24,2026-09-23T09:57:56.351731+00:00,True
commons-0309,secular_control,street_object,Category:Vending machines in Kyoto,150904367,File:At Kyoto 2024 195.jpg,https://commons.wikimedia.org/wiki/File:At_Kyoto_2024_195.jpg,https://upload.wikimedia.org/wikipedia/commons/5/5c/At_Kyoto_2024_195.jpg?utm_source=commons.wikimedia.org&utm_campaign=imageinfo&utm_content=original,https://thumb.wikimedia.org/wikipedia/commons/thumb/5/5c/At_Kyoto_2024_195.jpg/960px-At_Kyoto_2024_195.jpg?utm_source=commons.wikimedia.org&utm_campaign=imageinfo&utm_content=thumbnail,image/jpeg,4032,3024,Photograph by Mike Peel ( www.mikepeel.net ).,CC BY-SA 4.0,https://creativecommons.org/licenses/by-sa/4.0,Creative Commons Attribution-Share Alike 4.0,,Own work,,24 June 2024 13:10:40.648+09:00,2026-09-23T09:57:56.351731+00:00,True
